Cod_setor,Cod_Grandes Regiões,Nome_Grande_Regiao,Cod_UF,Nome_da_UF,Cod_meso,Nome_da_meso,Cod_micro,Nome_da_micro,Cod_RM,Nome_da_RM,Cod_municipio,Nome_do_municipio,Cod_distrito,Nome_do_distrito,Cod_subdistrito,Nome_do_subdistrito,Cod_bairro,Nome_do_bairro,Situacao_setor,Tipo_setor,V001,V002,V003,V004,V005,V006,V007,V008,V009,V010,V011,V012,X34,V062,V063,V064,V065,V066,V067,V068,V069,V070,V071,V072,V073,V074,V075,V076,V077,V078,V079,V080,V081,V082,V083,V084,V085,V086,V087,V088,V089,V090,V091,V092,V093,V094,V095,V096,V097,V098,V099,Mulheres,Homens,Responsavel
251370305000001,2,Região Nordeste,25,Paraiba,2504,Mata Paraibana,25022,João Pessoa,10,RM João Pessoa,2513703,SANTA RITA,251370305,SANTA RITA,25137030500,SANTA RITA,2513703000,SANTA RITA (todos os setores),1,0,155,512,3.3,1.5,1027.23,2688168.15,1105.7,2807580.15,589.24,1195541.9,913.83,1558786.88,NA,27,40,40,13,3,2,4,0,0,0,0,0,0,27,23,7,1,0,0,4,11,6,0,0,1,4,2,4,1,0,0,0,2,4,1,0,0,0,40,187,Homens
251370305000002,2,Região Nordeste,25,Paraiba,2504,Mata Paraibana,25022,João Pessoa,10,RM João Pessoa,2513703,SANTA RITA,251370305,SANTA RITA,25137030500,SANTA RITA,2513703000,SANTA RITA (todos os setores),1,0,172,659,3.83,3.37,354.49,242161.87,648.64,252416.88,205.78,118767.59,510.85,139083.66,NA,25,23,24,15,6,8,5,1,0,0,0,0,0,24,10,7,1,0,0,10,21,14,7,5,7,2,4,6,1,0,0,0,6,3,4,0,0,0,90,149,Homens
251370305000003,2,Região Nordeste,25,Paraiba,2504,Mata Paraibana,25022,João Pessoa,10,RM João Pessoa,2513703,SANTA RITA,251370305,SANTA RITA,25137030500,SANTA RITA,2513703000,SANTA RITA (todos os setores),1,0,251,865,3.45,1.8,701.65,219907.92,746.25,200523.13,398.31,197534.01,641.57,162026.35,NA,40,43,52,25,10,2,4,1,1,0,0,0,0,39,16,15,1,1,0,12,25,12,9,6,1,10,7,9,2,0,0,0,5,5,2,0,0,0,105,250,Homens
251370305000004,2,Região Nordeste,25,Paraiba,2504,Mata Paraibana,25022,João Pessoa,10,RM João Pessoa,2513703,SANTA RITA,251370305,SANTA RITA,25137030500,SANTA RITA,2513703000,SANTA RITA (todos os setores),1,0,197,696,3.53,2.72,749.23,701725.57,815.46,709792.46,409.99,360197.57,689.73,413164.43,NA,22,31,31,14,5,7,9,2,0,0,0,0,0,20,13,6,3,0,0,19,20,18,7,5,4,5,10,5,3,0,0,0,9,5,0,0,0,0,110,163,Homens
251370305000005,2,Região Nordeste,25,Paraiba,2504,Mata Paraibana,25022,João Pessoa,10,RM João Pessoa,2513703,SANTA RITA,251370305,SANTA RITA,25137030500,SANTA RITA,2513703000,SANTA RITA (todos os setores),1,0,244,855,3.5,2.4,682.49,512420.03,808.39,505135.45,380.7,297130.43,670.15,329149.46,NA,30,50,55,13,8,7,7,1,0,1,0,0,0,29,21,3,0,1,0,11,29,13,7,3,3,8,11,13,5,0,0,0,0,7,0,1,0,0,111,226,Homens
251370305000006,2,Região Nordeste,25,Paraiba,2504,Mata Paraibana,25022,João Pessoa,10,RM João Pessoa,2513703,SANTA RITA,251370305,SANTA RITA,25137030500,SANTA RITA,2513703000,SANTA RITA (todos os setores),1,0,221,840,3.8,2.79,1079.96,2455063.06,1217.71,2601213.79,578.29,1132382.81,950.94,1508613.27,NA,30,34,37,26,10,11,7,7,0,1,0,0,0,23,18,11,1,3,0,10,20,18,5,5,5,3,9,7,2,0,0,0,1,5,2,0,1,0,93,219,Homens
251370305000007,2,Região Nordeste,25,Paraiba,2504,Mata Paraibana,25022,João Pessoa,10,RM João Pessoa,2513703,SANTA RITA,251370305,SANTA RITA,25137030500,SANTA RITA,2513703000,SANTA RITA (todos os setores),1,0,249,951,3.82,3.62,511.62,1618078.08,561.2,1747640.22,293.18,645536.32,456.61,931370.61,NA,29,38,37,34,7,15,11,1,0,0,0,0,0,28,19,13,6,0,0,14,12,21,13,1,7,10,11,5,5,0,0,0,3,2,1,0,0,0,105,238,Homens
251370305000008,2,Região Nordeste,25,Paraiba,2504,Mata Paraibana,25022,João Pessoa,10,RM João Pessoa,2513703,SANTA RITA,251370305,SANTA RITA,25137030500,SANTA RITA,2513703000,SANTA RITA (todos os setores),1,0,196,726,3.7,3.54,397.69,97103.36,526.68,60416.89,224.66,85417.79,502.96,51130.44,NA,15,33,30,11,6,7,12,1,1,0,0,0,0,14,14,2,1,0,0,13,22,18,12,7,5,5,10,9,4,0,0,0,3,1,1,0,1,0,111,147,Homens
251370305000009,2,Região Nordeste,25,Paraiba,2504,Mata Paraibana,25022,João Pessoa,10,RM João Pessoa,2513703,SANTA RITA,251370305,SANTA RITA,25137030500,SANTA RITA,2513703000,SANTA RITA (todos os setores),1,0,349,1281,3.67,3.72,291.11,139625.22,457.64,143303.6,251.1,98670.81,461.77,84147.43,NA,4,14,18,3,2,4,17,1,0,0,0,0,0,3,6,4,0,0,0,55,68,52,46,17,26,23,48,29,11,3,0,0,7,1,2,0,0,0,388,76,Mulheres
251370305000010,2,Região Nordeste,25,Paraiba,2504,Mata Paraibana,25022,João Pessoa,10,RM João Pessoa,2513703,SANTA RITA,251370305,SANTA RITA,25137030500,SANTA RITA,2513703000,SANTA RITA (todos os setores),1,0,242,921,3.81,3.39,587.07,283455.48,776.35,227593.65,328,208902.61,674.62,195793.5,NA,23,31,46,17,6,5,13,3,1,0,0,0,0,20,10,11,2,0,0,21,18,21,17,8,13,3,15,5,4,1,0,0,6,4,0,0,0,0,136,188,Homens
251370305000011,2,Região Nordeste,25,Paraiba,2504,Mata Paraibana,25022,João Pessoa,10,RM João Pessoa,2513703,SANTA RITA,251370305,SANTA RITA,25137030500,SANTA RITA,2513703000,SANTA RITA (todos os setores),1,0,86,290,3.37,2.28,554.4,258664.71,671.52,234316.82,349.78,201437.62,601.52,194939.78,NA,13,11,19,3,0,0,4,0,0,0,0,0,0,13,6,6,1,0,0,8,8,7,6,2,3,2,4,2,1,1,0,0,4,0,0,0,0,0,48,76,Homens
251370305000012,2,Região Nordeste,25,Paraiba,2504,Mata Paraibana,25022,João Pessoa,10,RM João Pessoa,2513703,SANTA RITA,251370305,SANTA RITA,25137030500,SANTA RITA,2513703000,SANTA RITA (todos os setores),1,0,302,1048,3.47,2.46,837.84,613014.09,906.91,600866.06,487.29,484347.23,756.98,548371.14,NA,34,45,54,24,16,7,8,5,0,0,0,0,0,29,19,12,3,3,0,30,29,21,11,3,4,16,18,5,4,1,0,0,12,8,3,0,0,0,165,259,Homens
251370305000013,2,Região Nordeste,25,Paraiba,2504,Mata Paraibana,25022,João Pessoa,10,RM João Pessoa,2513703,SANTA RITA,251370305,SANTA RITA,25137030500,SANTA RITA,2513703000,SANTA RITA (todos os setores),1,0,162,520,3.21,2.08,677.29,524811.87,767.28,525499.74,421.24,297400.03,676.28,305009.76,NA,11,26,23,10,2,3,6,1,1,0,0,0,0,10,12,5,0,0,0,28,19,12,7,4,1,10,13,6,2,0,0,0,15,8,0,0,0,0,125,110,Mulheres
251370305000014,2,Região Nordeste,25,Paraiba,2504,Mata Paraibana,25022,João Pessoa,10,RM João Pessoa,2513703,SANTA RITA,251370305,SANTA RITA,25137030500,SANTA RITA,2513703000,SANTA RITA (todos os setores),1,0,232,838,3.61,3.03,666.44,220757.05,729.32,195610.97,363.02,179960.81,614.55,150004.51,NA,35,31,30,27,15,6,13,1,0,0,0,0,0,34,16,5,2,1,0,20,17,14,8,4,7,5,16,6,2,0,0,0,4,1,0,1,0,0,105,216,Homens
251370305000015,2,Região Nordeste,25,Paraiba,2504,Mata Paraibana,25022,João Pessoa,10,RM João Pessoa,2513703,SANTA RITA,251370305,SANTA RITA,25137030500,SANTA RITA,2513703000,SANTA RITA (todos os setores),1,0,270,973,3.6,3.57,497.73,180428.74,579.25,162682.4,276.17,150068.83,536.53,151860.16,NA,27,36,43,20,10,5,14,2,0,0,0,0,0,25,16,7,3,0,0,25,30,22,15,7,7,9,18,10,5,3,0,0,7,5,0,1,0,0,164,208,Homens
251370305000016,2,Região Nordeste,25,Paraiba,2504,Mata Paraibana,25022,João Pessoa,10,RM João Pessoa,2513703,SANTA RITA,251370305,SANTA RITA,25137030500,SANTA RITA,2513703000,SANTA RITA (todos os setores),1,0,211,755,3.58,3.01,434.86,115209.93,524.32,91872.58,244.83,93688.25,479.92,70755.49,NA,24,33,34,22,2,6,11,2,2,0,0,0,0,22,17,9,1,0,0,16,24,9,14,4,6,6,13,9,1,3,1,0,3,0,0,0,0,0,109,185,Homens
251370305000017,2,Região Nordeste,25,Paraiba,2504,Mata Paraibana,25022,João Pessoa,10,RM João Pessoa,2513703,SANTA RITA,251370305,SANTA RITA,25137030500,SANTA RITA,2513703000,SANTA RITA (todos os setores),1,0,296,1092,3.69,3.38,401.96,78219.35,519.56,39834.22,223.48,80084.04,481.38,48278.74,NA,36,40,50,23,10,9,9,1,1,1,0,0,0,35,18,11,2,0,0,25,23,30,14,6,10,11,17,12,5,1,1,0,8,1,2,1,0,0,167,246,Homens
251370305000018,2,Região Nordeste,25,Paraiba,2504,Mata Paraibana,25022,João Pessoa,10,RM João Pessoa,2513703,SANTA RITA,251370305,SANTA RITA,25137030500,SANTA RITA,2513703000,SANTA RITA (todos os setores),1,0,243,834,3.43,2.35,513.18,225057.67,652.9,194953.55,300.03,158558.72,596.63,138287.49,NA,35,39,31,19,6,5,9,0,0,0,0,0,0,35,16,5,2,0,0,20,30,23,12,4,4,6,12,11,3,1,0,0,8,7,1,0,0,0,142,202,Homens
251370305000019,2,Região Nordeste,25,Paraiba,2504,Mata Paraibana,25022,João Pessoa,10,RM João Pessoa,2513703,SANTA RITA,251370305,SANTA RITA,25137030500,SANTA RITA,2513703000,SANTA RITA (todos os setores),1,0,166,559,3.37,2.78,344.52,177494.54,577.69,162773.34,248.91,148712.36,559.18,160644.99,NA,17,18,26,8,8,4,11,0,0,0,0,0,0,17,9,8,2,0,1,17,20,14,5,6,2,10,13,8,3,1,0,0,4,0,0,0,0,0,103,129,Homens
251370305000020,2,Região Nordeste,25,Paraiba,2504,Mata Paraibana,25022,João Pessoa,10,RM João Pessoa,2513703,SANTA RITA,251370305,SANTA RITA,25137030500,SANTA RITA,2513703000,SANTA RITA (todos os setores),1,0,250,797,3.19,1.78,635.94,405817.35,712.94,400031.37,405.24,326232.78,656.02,363687.68,NA,31,55,25,19,6,1,8,6,0,0,0,0,0,25,26,7,3,0,0,30,23,25,11,2,2,12,16,9,4,0,0,0,14,3,0,1,0,0,152,212,Homens
251370305000021,2,Região Nordeste,25,Paraiba,2504,Mata Paraibana,25022,João Pessoa,10,RM João Pessoa,2513703,SANTA RITA,251370305,SANTA RITA,25137030500,SANTA RITA,2513703000,SANTA RITA (todos os setores),1,0,179,589,3.29,2.45,737.53,398972.3,809.92,379380.77,489.03,345208.64,674.07,351113.86,NA,8,21,23,11,4,2,13,2,0,0,0,0,0,6,9,4,2,0,0,32,24,13,11,5,4,8,22,13,4,1,0,0,10,0,0,0,0,0,147,105,Mulheres
251370305000022,2,Região Nordeste,25,Paraiba,2504,Mata Paraibana,25022,João Pessoa,10,RM João Pessoa,2513703,SANTA RITA,251370305,SANTA RITA,25137030500,SANTA RITA,2513703000,SANTA RITA (todos os setores),1,0,106,345,3.25,3.12,1016.42,1793151.29,1282.63,1922886.02,596.79,1038615.03,1072.15,1358094.48,NA,13,13,11,7,4,3,8,1,0,0,0,0,0,12,7,2,1,0,0,10,8,11,4,2,2,10,6,2,1,0,0,0,4,0,0,0,0,0,60,82,Homens
251370305000023,2,Região Nordeste,25,Paraiba,2504,Mata Paraibana,25022,João Pessoa,10,RM João Pessoa,2513703,SANTA RITA,251370305,SANTA RITA,25137030500,SANTA RITA,2513703000,SANTA RITA (todos os setores),1,0,352,1176,3.34,2.33,1038.09,1145952.18,1145.48,1141472.66,598.3,710089.06,938.06,794739.44,NA,32,51,51,24,10,4,12,3,0,0,0,0,0,29,17,9,2,1,0,47,31,35,20,6,6,23,28,8,2,2,0,1,19,5,1,1,0,0,235,245,Homens
251370305000024,2,Região Nordeste,25,Paraiba,2504,Mata Paraibana,25022,João Pessoa,10,RM João Pessoa,2513703,SANTA RITA,251370305,SANTA RITA,25137030500,SANTA RITA,2513703000,SANTA RITA (todos os setores),1,0,221,729,3.3,2.4,1090.31,1423098.19,1115.55,1427907.48,662.48,881249.81,952.31,991030.17,NA,20,42,43,11,0,7,7,6,2,0,0,0,0,14,24,11,2,0,0,23,24,18,5,6,1,14,13,10,5,0,0,0,10,5,2,0,0,0,136,189,Homens
251370305000025,2,Região Nordeste,25,Paraiba,2504,Mata Paraibana,25022,João Pessoa,10,RM João Pessoa,2513703,SANTA RITA,251370305,SANTA RITA,25137030500,SANTA RITA,2513703000,SANTA RITA (todos os setores),1,0,215,773,3.6,1.82,537.93,400474.45,631.99,411112.77,349.73,314552.98,586.21,388811.27,NA,16,33,41,17,5,5,7,1,0,0,0,0,0,15,15,10,5,0,0,15,27,28,12,4,1,4,9,11,6,1,0,0,6,2,3,1,0,0,130,170,Homens
251370305000026,2,Região Nordeste,25,Paraiba,2504,Mata Paraibana,25022,João Pessoa,10,RM João Pessoa,2513703,SANTA RITA,251370305,SANTA RITA,25137030500,SANTA RITA,2513703000,SANTA RITA (todos os setores),1,0,221,771,3.49,2.74,611.03,178487.86,671.83,155285.65,375.36,201052.11,640.76,173078.15,NA,20,39,42,18,11,7,12,2,1,0,0,0,0,18,21,4,1,2,0,16,14,15,7,4,2,14,12,2,2,0,0,0,4,3,0,0,0,0,95,198,Homens
251370305000027,2,Região Nordeste,25,Paraiba,2504,Mata Paraibana,25022,João Pessoa,10,RM João Pessoa,2513703,SANTA RITA,251370305,SANTA RITA,25137030500,SANTA RITA,2513703000,SANTA RITA (todos os setores),1,0,232,840,3.62,2.99,626.9,883942.33,673.34,918310.79,357.57,408446.4,601.34,540618.99,NA,40,43,37,25,11,5,7,3,0,1,0,0,0,37,20,5,3,0,0,15,12,14,9,2,7,5,11,3,1,0,0,0,4,1,1,1,0,1,87,237,Homens
251370305000028,2,Região Nordeste,25,Paraiba,2504,Mata Paraibana,25022,João Pessoa,10,RM João Pessoa,2513703,SANTA RITA,251370305,SANTA RITA,25137030500,SANTA RITA,2513703000,SANTA RITA (todos os setores),1,0,274,935,3.41,3.13,563.53,132820.16,610.3,115228.52,356.53,201528.03,543.35,205628.43,NA,43,49,47,21,9,10,17,1,0,0,0,0,0,42,22,8,1,0,0,14,17,14,7,5,5,16,8,6,1,1,0,0,6,7,1,0,0,0,108,270,Homens
251370305000029,2,Região Nordeste,25,Paraiba,2504,Mata Paraibana,25022,João Pessoa,10,RM João Pessoa,2513703,SANTA RITA,251370305,SANTA RITA,25137030500,SANTA RITA,2513703000,SANTA RITA (todos os setores),1,0,303,1124,3.71,2.83,425.74,99688.94,474.26,87995.58,266.67,95029.64,443.49,79594.44,NA,26,37,39,30,8,3,11,6,2,0,0,0,0,20,13,6,4,0,0,23,30,36,22,10,14,14,18,12,4,2,0,0,5,5,3,1,0,0,199,205,Homens
251370305000030,2,Região Nordeste,25,Paraiba,2504,Mata Paraibana,25022,João Pessoa,10,RM João Pessoa,2513703,SANTA RITA,251370305,SANTA RITA,25137030500,SANTA RITA,2513703000,SANTA RITA (todos os setores),1,0,158,554,3.51,3.33,430.13,111427.05,535.13,82211.21,237.9,97868.91,494.51,76439.8,NA,21,26,25,13,7,6,12,2,0,0,0,0,0,19,12,5,2,1,0,9,12,6,4,5,4,8,6,4,0,1,0,1,3,1,0,0,0,1,65,151,Homens
251370305000031,2,Região Nordeste,25,Paraiba,2504,Mata Paraibana,25022,João Pessoa,10,RM João Pessoa,2513703,SANTA RITA,251370305,SANTA RITA,25137030500,SANTA RITA,2513703000,SANTA RITA (todos os setores),1,0,296,1097,3.71,3.66,317.5,131324.01,454.01,125783.51,273.94,104693.11,483.55,83400.66,NA,18,20,13,10,5,6,13,2,0,0,0,0,0,16,8,0,0,1,0,34,56,47,30,12,18,14,28,19,13,5,1,0,6,1,0,1,0,0,285,112,Mulheres
251370305000032,2,Região Nordeste,25,Paraiba,2504,Mata Paraibana,25022,João Pessoa,10,RM João Pessoa,2513703,SANTA RITA,251370305,SANTA RITA,25137030500,SANTA RITA,2513703000,SANTA RITA (todos os setores),1,0,71,240,3.38,2.84,484.66,395494.03,688.22,422039.73,299.98,246423.52,615.58,312085.24,NA,4,20,11,5,3,1,3,0,0,0,0,0,0,4,10,3,0,0,0,5,5,1,2,1,3,7,5,0,0,0,0,0,0,1,0,0,0,0,30,64,Homens
251370305000033,2,Região Nordeste,25,Paraiba,2504,Mata Paraibana,25022,João Pessoa,10,RM João Pessoa,2513703,SANTA RITA,251370305,SANTA RITA,25137030500,SANTA RITA,2513703000,SANTA RITA (todos os setores),1,0,295,1019,3.45,2.04,805.71,424902.81,867.46,403824.13,457.86,310075.99,750.49,288600.22,NA,33,58,63,17,8,7,7,1,0,0,0,0,0,32,24,11,1,0,0,26,23,28,10,5,1,9,14,6,3,1,0,0,12,2,2,0,0,0,142,262,Homens
251370305000034,2,Região Nordeste,25,Paraiba,2504,Mata Paraibana,25022,João Pessoa,10,RM João Pessoa,2513703,SANTA RITA,251370305,SANTA RITA,25137030500,SANTA RITA,2513703000,SANTA RITA (todos os setores),1,0,261,925,3.54,2.2,983.84,2048976.04,1074.4,2140668.52,534.07,863837.4,830.32,1097475.53,NA,26,35,47,23,7,7,5,4,0,1,0,0,0,22,15,11,6,1,0,24,32,25,9,5,5,11,15,6,4,0,0,0,9,7,2,3,0,0,157,210,Homens
251370305000035,2,Região Nordeste,25,Paraiba,2504,Mata Paraibana,25022,João Pessoa,10,RM João Pessoa,2513703,SANTA RITA,251370305,SANTA RITA,25137030500,SANTA RITA,2513703000,SANTA RITA (todos os setores),1,0,283,1022,3.61,2.35,644.08,361095.65,802.98,322418.42,344.53,291916.81,730.08,337213.8,NA,27,46,49,19,9,6,5,3,0,0,0,0,0,24,19,13,1,0,0,27,32,21,19,7,7,9,18,12,1,3,0,0,9,6,1,1,1,0,174,221,Homens
251370305000036,2,Região Nordeste,25,Paraiba,2504,Mata Paraibana,25022,João Pessoa,10,RM João Pessoa,2513703,SANTA RITA,251370305,SANTA RITA,25137030500,SANTA RITA,2513703000,SANTA RITA (todos os setores),1,0,146,513,3.51,2.8,705.16,311059.14,779.95,285525.03,451.15,332550.12,708.52,339933.99,NA,18,20,27,10,1,6,6,2,0,0,0,0,0,16,7,5,3,0,0,12,11,20,4,2,3,6,10,5,5,0,0,0,2,2,2,0,0,0,84,121,Homens
251370305000037,2,Região Nordeste,25,Paraiba,2504,Mata Paraibana,25022,João Pessoa,10,RM João Pessoa,2513703,SANTA RITA,251370305,SANTA RITA,25137030500,SANTA RITA,2513703000,SANTA RITA (todos os setores),1,0,224,799,3.57,2.08,666.71,293502.59,773.79,257596,380.84,217256.01,663.75,190795.68,NA,36,39,46,23,7,6,4,0,0,0,0,0,0,36,20,11,4,1,0,14,15,12,10,3,4,5,8,6,2,2,0,0,6,1,0,0,0,0,88,233,Homens
251370305000038,2,Região Nordeste,25,Paraiba,2504,Mata Paraibana,25022,João Pessoa,10,RM João Pessoa,2513703,SANTA RITA,251370305,SANTA RITA,25137030500,SANTA RITA,2513703000,SANTA RITA (todos os setores),1,0,219,808,3.69,2.93,750.54,2305967.06,893.31,2618767.47,404.88,943943.63,742.46,1481817.89,NA,27,36,35,19,13,8,11,1,0,0,0,0,0,26,20,6,2,1,0,10,14,22,8,5,4,7,6,4,1,2,0,0,4,2,2,1,0,0,92,205,Homens
251370305000039,2,Região Nordeste,25,Paraiba,2504,Mata Paraibana,25022,João Pessoa,10,RM João Pessoa,2513703,SANTA RITA,251370305,SANTA RITA,25137030500,SANTA RITA,2513703000,SANTA RITA (todos os setores),1,0,274,971,3.54,2.14,663.74,489723,754.63,488188.63,367.1,283624.19,652.89,317907.7,NA,24,49,57,18,11,5,8,1,0,0,0,0,0,23,22,16,1,1,0,16,31,22,17,3,2,11,9,12,0,3,0,0,7,6,2,0,0,0,141,236,Homens
251370305000040,2,Região Nordeste,25,Paraiba,2504,Mata Paraibana,25022,João Pessoa,10,RM João Pessoa,2513703,SANTA RITA,251370305,SANTA RITA,25137030500,SANTA RITA,2513703000,SANTA RITA (todos os setores),1,0,178,602,3.38,2.31,698.85,420162.71,767.87,408588.82,425.77,318917.73,691.71,334211.25,NA,21,33,27,11,8,1,15,3,2,0,0,0,0,18,19,4,2,0,0,14,20,11,10,1,5,1,10,5,1,0,0,0,4,5,1,1,0,0,89,164,Homens
251370305000041,2,Região Nordeste,25,Paraiba,2504,Mata Paraibana,25022,João Pessoa,10,RM João Pessoa,2513703,SANTA RITA,251370305,SANTA RITA,25137030500,SANTA RITA,2513703000,SANTA RITA (todos os setores),1,0,129,399,3.09,2.09,610.38,261405,690.69,240142.16,367.22,201030.74,647.27,172930.06,NA,8,18,20,6,5,1,7,0,0,0,0,0,0,8,4,7,0,2,0,20,19,8,3,2,1,11,14,5,0,0,0,0,6,3,0,0,0,0,92,86,Mulheres
251370305000042,2,Região Nordeste,25,Paraiba,2504,Mata Paraibana,25022,João Pessoa,10,RM João Pessoa,2513703,SANTA RITA,251370305,SANTA RITA,25137030500,SANTA RITA,2513703000,SANTA RITA (todos os setores),1,0,255,858,3.36,2.37,691.1,1005738.14,740.46,1041173.18,411.25,486897.86,626.39,607091.98,NA,20,49,41,15,7,3,7,2,0,0,0,0,0,18,18,9,3,0,0,30,31,12,12,6,6,16,17,16,1,0,0,0,13,2,0,1,0,0,163,192,Homens
251370305000043,2,Região Nordeste,25,Paraiba,2504,Mata Paraibana,25022,João Pessoa,10,RM João Pessoa,2513703,SANTA RITA,251370305,SANTA RITA,25137030500,SANTA RITA,2513703000,SANTA RITA (todos os setores),1,0,280,916,3.27,2.57,614.48,430351.33,656.7,432201.11,370.67,243983.45,586.41,259506.22,NA,23,46,47,11,2,3,11,0,1,0,0,1,0,23,17,12,2,1,0,35,39,22,14,5,5,17,26,17,4,0,0,0,9,4,3,0,0,0,200,200,Homens
251370305000044,2,Região Nordeste,25,Paraiba,2504,Mata Paraibana,25022,João Pessoa,10,RM João Pessoa,2513703,SANTA RITA,251370305,SANTA RITA,25137030500,SANTA RITA,2513703000,SANTA RITA (todos os setores),1,0,288,987,3.43,2.15,802.5,1454144.84,895.82,1539971.44,466.82,709586.47,785.02,943931.2,NA,30,58,36,31,9,2,9,2,1,0,0,0,0,28,25,5,3,2,0,20,25,27,16,4,4,17,14,12,10,0,0,0,6,2,4,3,0,0,164,241,Homens
251370305000045,2,Região Nordeste,25,Paraiba,2504,Mata Paraibana,25022,João Pessoa,10,RM João Pessoa,2513703,SANTA RITA,251370305,SANTA RITA,25137030500,SANTA RITA,2513703000,SANTA RITA (todos os setores),1,0,335,1050,3.13,2.43,1256.62,1300918.36,1315.53,1284356.96,745.56,938530.68,1103.07,994299.38,NA,42,50,51,16,9,3,22,2,1,0,0,0,0,40,23,8,3,1,0,37,36,18,13,8,5,25,18,4,0,0,0,0,19,12,2,0,0,0,197,271,Homens
251370305000046,2,Região Nordeste,25,Paraiba,2504,Mata Paraibana,25022,João Pessoa,10,RM João Pessoa,2513703,SANTA RITA,251370305,SANTA RITA,25137030500,SANTA RITA,2513703000,SANTA RITA (todos os setores),1,0,354,1198,3.38,2.99,872.62,945713.43,977.55,956894.08,509.44,580483.49,851.54,679135.81,NA,37,39,42,25,16,10,24,1,1,0,0,0,0,36,20,9,3,0,0,41,37,34,15,7,6,21,21,7,5,2,0,0,20,10,4,0,0,0,230,263,Homens
251370305000047,2,Região Nordeste,25,Paraiba,2504,Mata Paraibana,25022,João Pessoa,10,RM João Pessoa,2513703,SANTA RITA,251370305,SANTA RITA,25137030500,SANTA RITA,2513703000,SANTA RITA (todos os setores),1,0,254,963,3.79,2.8,903.55,881968.19,964.29,882689.14,517.7,2320749.08,815.74,3415730.86,NA,21,46,52,19,10,7,12,0,1,0,0,0,0,21,24,13,3,1,0,14,13,23,13,11,7,6,6,7,5,0,0,0,8,1,1,2,0,0,117,230,Homens
251370305000048,2,Região Nordeste,25,Paraiba,2504,Mata Paraibana,25022,João Pessoa,10,RM João Pessoa,2513703,SANTA RITA,251370305,SANTA RITA,25137030500,SANTA RITA,2513703000,SANTA RITA (todos os setores),1,0,221,878,3.97,4.04,313.3,103277.39,484.2,76679.02,210.59,80786.05,468.57,58800.74,NA,18,22,21,13,11,12,9,2,0,0,0,0,0,16,9,9,1,0,0,15,27,27,18,10,9,9,12,10,9,1,0,0,3,2,2,0,0,0,154,143,Mulheres
251370305000049,2,Região Nordeste,25,Paraiba,2504,Mata Paraibana,25022,João Pessoa,10,RM João Pessoa,2513703,SANTA RITA,251370305,SANTA RITA,25137030500,SANTA RITA,2513703000,SANTA RITA (todos os setores),1,0,194,762,3.93,4.19,391.31,55785.85,465.73,31586.98,202.63,75546.52,442.76,58693.03,NA,26,30,31,14,11,14,5,1,0,0,0,0,0,25,15,4,1,0,2,5,17,13,10,3,6,9,4,7,1,2,0,0,1,2,1,0,0,0,81,179,Homens
251370305000050,2,Região Nordeste,25,Paraiba,2504,Mata Paraibana,25022,João Pessoa,10,RM João Pessoa,2513703,SANTA RITA,251370305,SANTA RITA,25137030500,SANTA RITA,2513703000,SANTA RITA (todos os setores),1,0,309,1069,3.46,2.43,614.48,233128.23,690.45,209410.77,358.05,216641.17,596.75,218628.97,NA,48,51,55,30,12,12,10,2,0,0,0,0,0,46,29,10,3,1,0,21,23,25,5,1,3,13,13,7,1,1,0,0,8,4,0,0,0,0,125,309,Homens
251370305000051,2,Região Nordeste,25,Paraiba,2504,Mata Paraibana,25022,João Pessoa,10,RM João Pessoa,2513703,SANTA RITA,251370305,SANTA RITA,25137030500,SANTA RITA,2513703000,SANTA RITA (todos os setores),1,0,201,733,3.65,3.34,500.04,937761.23,580.97,1043127.92,291.02,414201.82,487.7,598714.68,NA,17,21,19,11,7,4,11,0,0,0,0,0,0,17,8,2,1,0,0,22,24,21,17,8,10,9,17,10,2,0,1,0,5,1,0,0,1,0,148,118,Mulheres
251370305000052,2,Região Nordeste,25,Paraiba,2504,Mata Paraibana,25022,João Pessoa,10,RM João Pessoa,2513703,SANTA RITA,251370305,SANTA RITA,25137030500,SANTA RITA,2513703000,SANTA RITA (todos os setores),1,0,128,469,3.66,4.34,320.37,72404.99,422.75,52051.21,210.06,75056.27,413.52,63560.21,NA,17,6,12,6,2,4,8,3,1,0,0,0,0,14,3,2,0,0,0,10,15,16,8,8,7,9,5,3,7,0,0,0,5,0,1,0,0,0,94,78,Mulheres
251370305000053,2,Região Nordeste,25,Paraiba,2504,Mata Paraibana,25022,João Pessoa,10,RM João Pessoa,2513703,SANTA RITA,251370305,SANTA RITA,25137030500,SANTA RITA,2513703000,SANTA RITA (todos os setores),1,0,317,1139,3.59,2.58,652.63,1423074.07,755.05,1569604.78,355.63,588362.46,633.43,872521.52,NA,43,50,59,37,8,7,11,1,0,0,0,0,0,42,21,12,2,0,0,26,25,17,13,4,10,7,19,12,3,0,0,0,7,2,4,1,0,0,150,293,Homens
251370305000054,2,Região Nordeste,25,Paraiba,2504,Mata Paraibana,25022,João Pessoa,10,RM João Pessoa,2513703,SANTA RITA,251370305,SANTA RITA,25137030500,SANTA RITA,2513703000,SANTA RITA (todos os setores),1,0,208,734,3.53,2.27,849.18,4618277.4,929.63,4982929.81,461.77,1819519.4,797.48,2877489.73,NA,26,39,34,22,5,4,6,1,0,0,0,0,0,25,19,7,2,0,0,8,20,17,10,4,3,10,4,7,0,0,1,0,4,5,2,0,0,0,95,190,Homens
251370305000055,2,Região Nordeste,25,Paraiba,2504,Mata Paraibana,25022,João Pessoa,10,RM João Pessoa,2513703,SANTA RITA,251370305,SANTA RITA,25137030500,SANTA RITA,2513703000,SANTA RITA (todos os setores),1,0,155,534,3.45,2.33,682.7,379731.03,761.29,363498.84,388.82,245569.8,648.51,241153.1,NA,26,22,26,7,5,4,5,0,0,0,0,0,0,26,7,3,0,0,0,11,18,15,5,3,4,4,7,8,2,0,0,0,4,0,1,1,0,0,83,131,Homens
251370305000056,2,Região Nordeste,25,Paraiba,2504,Mata Paraibana,25022,João Pessoa,10,RM João Pessoa,2513703,SANTA RITA,251370305,SANTA RITA,25137030500,SANTA RITA,2513703000,SANTA RITA (todos os setores),1,0,273,982,3.6,2.51,831.32,1375892.76,890,1420964.52,462.28,619132.19,723.36,780226.71,NA,26,53,54,22,6,7,4,1,0,0,0,0,0,25,26,13,2,2,0,26,16,21,18,4,5,11,15,5,1,1,0,0,11,2,3,2,0,0,141,241,Homens
251370305000057,2,Região Nordeste,25,Paraiba,2504,Mata Paraibana,25022,João Pessoa,10,RM João Pessoa,2513703,SANTA RITA,251370305,SANTA RITA,25137030500,SANTA RITA,2513703000,SANTA RITA (todos os setores),1,0,394,1391,3.53,2.45,648.68,608029.86,738.67,625958.92,410.81,388213.63,677.6,459654.65,NA,30,66,54,27,10,4,15,7,0,0,0,0,0,23,36,17,3,0,0,36,50,41,25,16,6,14,29,20,8,3,0,0,7,6,2,1,2,0,266,292,Homens
251370305000058,2,Região Nordeste,25,Paraiba,2504,Mata Paraibana,25022,João Pessoa,10,RM João Pessoa,2513703,SANTA RITA,251370305,SANTA RITA,25137030500,SANTA RITA,2513703000,SANTA RITA (todos os setores),1,0,182,622,3.42,2.36,726.7,383902.65,826.62,353905.26,435.33,280778.08,719.29,259611.79,NA,8,29,33,11,6,3,7,1,0,0,0,0,0,7,15,6,1,0,0,27,18,15,8,3,4,10,17,8,1,0,0,0,10,4,2,0,0,0,127,127,Homens
251370305000059,2,Região Nordeste,25,Paraiba,2504,Mata Paraibana,25022,João Pessoa,10,RM João Pessoa,2513703,SANTA RITA,251370305,SANTA RITA,25137030500,SANTA RITA,2513703000,SANTA RITA (todos os setores),1,0,134,472,3.52,2.66,716.47,500952.7,780.54,495697.56,420.23,300002.83,683.29,308085.84,NA,20,21,19,8,4,4,3,0,0,0,0,0,0,20,12,3,0,0,0,7,16,7,8,6,3,8,5,5,1,0,0,0,2,3,1,0,0,0,72,114,Homens
251370305000060,2,Região Nordeste,25,Paraiba,2504,Mata Paraibana,25022,João Pessoa,10,RM João Pessoa,2513703,SANTA RITA,251370305,SANTA RITA,25137030500,SANTA RITA,2513703000,SANTA RITA (todos os setores),1,0,209,875,4.19,4.8,401.33,98679.69,511.46,69254.11,199.06,77520.9,470.45,55459.73,NA,6,28,32,12,3,12,8,1,0,0,1,0,0,5,14,8,1,0,0,16,24,22,15,8,18,5,12,5,5,1,0,0,4,7,1,0,0,0,143,131,Mulheres
251370305000061,2,Região Nordeste,25,Paraiba,2504,Mata Paraibana,25022,João Pessoa,10,RM João Pessoa,2513703,SANTA RITA,251370305,SANTA RITA,25137030500,SANTA RITA,2513703000,SANTA RITA (todos os setores),1,0,113,413,3.65,3.26,409.18,66064.54,471.81,46427.27,241.07,69489.64,406.66,49784.27,NA,14,14,12,11,4,3,5,3,1,0,0,0,0,11,3,1,1,0,0,10,6,11,11,2,4,6,4,3,4,1,0,0,6,1,0,0,0,0,69,83,Homens
251370305000062,2,Região Nordeste,25,Paraiba,2504,Mata Paraibana,25022,João Pessoa,10,RM João Pessoa,2513703,SANTA RITA,251370305,SANTA RITA,25137030500,SANTA RITA,2513703000,SANTA RITA (todos os setores),1,0,257,925,3.6,2.91,573.09,192440.79,616.25,180285.39,324.72,143663.14,529.4,125825.07,NA,26,41,32,18,15,6,10,2,0,0,0,1,0,24,22,8,2,0,0,26,25,21,15,8,5,9,21,8,3,2,0,0,5,4,1,0,0,0,153,207,Homens
251370305000063,2,Região Nordeste,25,Paraiba,2504,Mata Paraibana,25022,João Pessoa,10,RM João Pessoa,2513703,SANTA RITA,251370305,SANTA RITA,25137030500,SANTA RITA,2513703000,SANTA RITA (todos os setores),1,0,203,743,3.66,3.62,473.45,215657.09,628.17,188766.01,336.82,159706.21,576.39,135151.75,NA,16,27,23,10,5,4,8,1,2,0,0,0,0,15,8,4,1,0,0,26,29,22,11,9,8,5,18,11,4,0,1,0,8,3,1,0,0,0,156,124,Mulheres
251370305000064,2,Região Nordeste,25,Paraiba,2504,Mata Paraibana,25022,João Pessoa,10,RM João Pessoa,2513703,SANTA RITA,251370305,SANTA RITA,25137030500,SANTA RITA,2513703000,SANTA RITA (todos os setores),1,0,174,645,3.71,2.81,553.09,98922.9,629.01,64524.97,310.84,108078.26,570.21,50172.67,NA,15,18,21,16,10,5,7,1,1,0,0,0,0,14,9,6,0,0,0,14,23,15,11,6,5,8,12,8,5,0,0,0,2,2,0,0,0,0,111,123,Homens
251370305000065,2,Região Nordeste,25,Paraiba,2504,Mata Paraibana,25022,João Pessoa,10,RM João Pessoa,2513703,SANTA RITA,251370305,SANTA RITA,25137030500,SANTA RITA,2513703000,SANTA RITA (todos os setores),1,0,284,962,3.39,2.32,1031.58,1154152.49,1081.06,1156027.98,584.36,700430.22,914.25,794408.1,NA,22,45,37,15,8,4,14,3,2,0,0,0,0,19,24,10,3,0,0,30,36,31,17,5,6,14,24,11,7,1,0,0,6,2,0,1,0,0,191,206,Homens
251370305000066,2,Região Nordeste,25,Paraiba,2504,Mata Paraibana,25022,João Pessoa,10,RM João Pessoa,2513703,SANTA RITA,251370305,SANTA RITA,25137030500,SANTA RITA,2513703000,SANTA RITA (todos os setores),1,0,197,722,3.66,2.59,352.58,262885.75,667.87,287635.17,315.19,195661.85,635.7,190863.51,NA,16,22,21,8,2,3,4,2,0,0,0,0,0,14,13,3,0,1,0,24,33,24,19,6,11,4,21,16,4,1,2,0,3,0,0,0,0,0,168,109,Mulheres
251370305000067,2,Região Nordeste,25,Paraiba,2504,Mata Paraibana,25022,João Pessoa,10,RM João Pessoa,2513703,SANTA RITA,251370305,SANTA RITA,25137030500,SANTA RITA,2513703000,SANTA RITA (todos os setores),1,0,218,823,3.78,3.55,234.04,93078.52,327.05,99693.13,174.68,66038.21,346.04,71541.56,NA,18,12,13,14,5,4,18,3,0,0,0,0,0,15,4,6,2,1,0,21,29,30,25,16,9,4,17,17,5,3,1,0,4,2,0,0,0,0,183,115,Mulheres
251370305000068,2,Região Nordeste,25,Paraiba,2504,Mata Paraibana,25022,João Pessoa,10,RM João Pessoa,2513703,SANTA RITA,251370305,SANTA RITA,25137030500,SANTA RITA,2513703000,SANTA RITA (todos os setores),1,0,315,1147,3.64,3.85,265.44,95977.46,403.93,90084.49,171.98,67229.27,372.91,70853.67,NA,24,29,21,18,7,8,31,4,2,0,0,0,0,20,13,5,4,2,1,28,35,45,27,16,14,12,25,18,10,5,1,1,3,5,2,0,0,0,247,189,Mulheres
251370305000069,2,Região Nordeste,25,Paraiba,2504,Mata Paraibana,25022,João Pessoa,10,RM João Pessoa,2513703,SANTA RITA,251370305,SANTA RITA,25137030500,SANTA RITA,2513703000,SANTA RITA (todos os setores),1,0,190,685,3.61,1.84,682.61,396395.61,741.11,386956.56,356.9,256539.06,642.42,278413.87,NA,14,30,43,22,7,3,6,0,0,0,0,0,0,14,17,9,2,1,0,10,20,21,6,1,1,6,7,7,4,1,0,0,3,3,2,0,0,0,92,168,Homens
251370305000070,2,Região Nordeste,25,Paraiba,2504,Mata Paraibana,25022,João Pessoa,10,RM João Pessoa,2513703,SANTA RITA,251370305,SANTA RITA,25137030500,SANTA RITA,2513703000,SANTA RITA (todos os setores),1,0,169,644,3.81,3.63,487.9,157474.9,568.66,137479.63,285.1,117949.77,493.92,101147.53,NA,12,21,17,12,8,7,11,0,0,0,0,0,0,12,13,5,0,0,0,10,23,13,9,10,8,8,7,7,1,0,0,0,3,5,3,0,0,0,107,118,Homens
251370305000071,2,Região Nordeste,25,Paraiba,2504,Mata Paraibana,25022,João Pessoa,10,RM João Pessoa,2513703,SANTA RITA,251370305,SANTA RITA,25137030500,SANTA RITA,2513703000,SANTA RITA (todos os setores),1,0,188,693,3.69,2.85,449.69,93737.49,552.56,58106.77,248.64,91272.04,487.39,62453.11,NA,16,31,41,18,7,7,5,0,0,0,0,0,0,16,16,6,2,1,0,13,16,11,8,1,5,9,8,4,1,0,0,0,5,3,3,0,0,0,87,166,Homens
251370305000072,2,Região Nordeste,25,Paraiba,2504,Mata Paraibana,25022,João Pessoa,10,RM João Pessoa,2513703,SANTA RITA,251370305,SANTA RITA,25137030500,SANTA RITA,2513703000,SANTA RITA (todos os setores),1,0,299,1129,3.78,4.05,408.51,73749.76,473.42,54662.31,235.83,77356.14,433.62,56426.51,NA,27,36,45,23,10,10,18,5,0,0,0,0,0,22,14,6,1,0,0,29,24,30,16,8,15,8,16,8,8,1,1,0,13,2,0,0,0,0,179,217,Homens
251370305000073,2,Região Nordeste,25,Paraiba,2504,Mata Paraibana,25022,João Pessoa,10,RM João Pessoa,2513703,SANTA RITA,251370305,SANTA RITA,25137030500,SANTA RITA,2513703000,SANTA RITA (todos os setores),1,0,267,998,3.74,3.88,427.82,102168.09,523.98,74619.28,260.38,116738.7,490.47,107021.18,NA,17,38,36,20,14,10,9,0,1,0,0,0,0,17,17,11,3,1,0,37,27,21,9,5,13,11,26,9,3,1,0,0,11,0,3,0,0,0,176,194,Homens
251370305000074,2,Região Nordeste,25,Paraiba,2504,Mata Paraibana,25022,João Pessoa,10,RM João Pessoa,2513703,SANTA RITA,251370305,SANTA RITA,25137030500,SANTA RITA,2513703000,SANTA RITA (todos os setores),1,0,286,948,3.31,3.02,664.52,992506.9,711.81,1029613.33,384.13,464126.84,615.67,601597.14,NA,39,40,34,14,9,4,8,3,0,0,0,0,0,36,21,12,1,2,0,33,34,29,12,6,5,19,22,15,5,0,0,0,11,6,1,0,0,0,198,223,Homens
251370305000075,2,Região Nordeste,25,Paraiba,2504,Mata Paraibana,25022,João Pessoa,10,RM João Pessoa,2513703,SANTA RITA,251370305,SANTA RITA,25137030500,SANTA RITA,2513703000,SANTA RITA (todos os setores),1,0,227,805,3.55,2.43,1702.53,4671509.68,1822.99,4782965.79,1011.33,3239181.51,1531,4109890.87,NA,16,20,36,24,4,5,6,0,0,0,0,0,0,16,13,8,5,1,0,24,31,27,10,5,5,14,14,11,5,0,0,0,10,8,2,0,0,0,166,154,Mulheres
251370305000076,2,Região Nordeste,25,Paraiba,2504,Mata Paraibana,25022,João Pessoa,10,RM João Pessoa,2513703,SANTA RITA,251370305,SANTA RITA,25137030500,SANTA RITA,2513703000,SANTA RITA (todos os setores),1,0,202,712,3.52,3.41,334.58,70710.48,430.48,49560.94,204.3,64729.41,393.11,50278.31,NA,23,22,21,13,3,6,16,3,0,1,0,0,0,20,8,5,1,0,0,18,24,18,16,4,10,8,14,10,7,3,1,0,4,1,0,0,0,0,138,142,Homens
251370305000077,2,Região Nordeste,25,Paraiba,2504,Mata Paraibana,25022,João Pessoa,10,RM João Pessoa,2513703,SANTA RITA,251370305,SANTA RITA,25137030500,SANTA RITA,2513703000,SANTA RITA (todos os setores),1,0,327,1175,3.59,3.09,236.06,88576.15,476.49,64079.67,146.03,67137.74,471.75,63216.54,NA,39,31,50,29,14,11,26,2,0,0,1,0,0,37,15,9,5,1,0,23,36,25,20,6,8,9,14,12,7,1,0,0,9,5,0,0,0,0,175,270,Homens
251370305000078,2,Região Nordeste,25,Paraiba,2504,Mata Paraibana,25022,João Pessoa,10,RM João Pessoa,2513703,SANTA RITA,251370305,SANTA RITA,25137030500,SANTA RITA,2513703000,SANTA RITA (todos os setores),1,0,190,644,3.39,2.51,459.06,95158.26,490.01,86359.43,269.47,90874.42,401.95,82277.42,NA,17,27,33,17,4,4,11,1,0,0,0,0,0,16,16,12,0,0,0,24,14,12,7,7,3,10,17,7,1,0,1,0,7,0,0,0,0,0,110,158,Homens
251370305000079,2,Região Nordeste,25,Paraiba,2504,Mata Paraibana,25022,João Pessoa,10,RM João Pessoa,2513703,SANTA RITA,251370305,SANTA RITA,25137030500,SANTA RITA,2513703000,SANTA RITA (todos os setores),1,0,272,1003,3.69,2.61,426.15,230792.45,506.17,233638.62,263.23,135636.42,429.65,149916.3,NA,31,30,34,28,12,8,13,2,0,0,1,0,0,29,16,8,2,0,0,22,19,34,17,13,3,8,13,9,10,1,0,0,9,2,0,0,1,0,161,214,Homens
251370305000080,2,Região Nordeste,25,Paraiba,2504,Mata Paraibana,25022,João Pessoa,10,RM João Pessoa,2513703,SANTA RITA,251370305,SANTA RITA,25137030500,SANTA RITA,2513703000,SANTA RITA (todos os setores),1,0,334,1107,3.31,2.11,468.15,81528.4,537.32,56318.9,269.06,89465.39,477.72,59109.31,NA,46,55,42,25,13,4,10,1,0,0,0,0,0,45,23,7,6,0,0,41,27,28,16,8,3,16,26,9,6,1,0,0,15,4,3,1,0,0,204,277,Homens
251370305000081,2,Região Nordeste,25,Paraiba,2504,Mata Paraibana,25022,João Pessoa,10,RM João Pessoa,2513703,SANTA RITA,251370305,SANTA RITA,25137030500,SANTA RITA,2513703000,SANTA RITA (todos os setores),1,0,241,815,3.38,2.67,493.59,193198.62,548.18,184600.67,294.18,135006.12,472.21,132636.31,NA,26,42,28,26,11,3,11,1,1,0,0,0,0,25,18,9,3,1,0,21,26,14,9,5,3,16,18,8,4,1,1,0,3,1,1,0,0,0,131,205,Homens
251370305000082,2,Região Nordeste,25,Paraiba,2504,Mata Paraibana,25022,João Pessoa,10,RM João Pessoa,2513703,SANTA RITA,251370305,SANTA RITA,25137030500,SANTA RITA,2513703000,SANTA RITA (todos os setores),1,0,280,990,3.54,2.67,456.11,152432.42,596.78,115321.98,271.42,113818.63,546.85,78612.07,NA,29,38,36,17,4,9,14,3,1,0,0,0,0,26,18,7,4,0,0,23,35,28,22,11,4,10,18,12,4,5,0,0,5,2,0,2,0,0,181,206,Homens
251370305000083,2,Região Nordeste,25,Paraiba,2504,Mata Paraibana,25022,João Pessoa,10,RM João Pessoa,2513703,SANTA RITA,251370305,SANTA RITA,25137030500,SANTA RITA,2513703000,SANTA RITA (todos os setores),1,0,171,564,3.3,2.34,498.36,93676.68,553.38,73442.73,276.95,99214.18,504.05,65968.25,NA,19,28,19,13,8,2,12,1,0,0,0,0,0,18,14,6,2,0,0,13,27,12,8,0,3,7,10,7,1,0,0,0,3,2,3,0,0,0,96,142,Homens
251370305000084,2,Região Nordeste,25,Paraiba,2504,Mata Paraibana,25022,João Pessoa,10,RM João Pessoa,2513703,SANTA RITA,251370305,SANTA RITA,25137030500,SANTA RITA,2513703000,SANTA RITA (todos os setores),1,0,324,1096,3.38,2.53,457.89,177088.49,539.47,164583.05,288.88,162760.58,506.54,175168.4,NA,33,48,52,23,9,4,13,0,1,0,0,0,0,33,22,6,0,0,0,43,35,22,18,5,6,13,27,16,6,3,0,0,16,5,0,1,0,0,216,244,Homens
251370305000085,2,Região Nordeste,25,Paraiba,2504,Mata Paraibana,25022,João Pessoa,10,RM João Pessoa,2513703,SANTA RITA,251370305,SANTA RITA,25137030500,SANTA RITA,2513703000,SANTA RITA (todos os setores),1,0,306,1141,3.73,3.37,287.22,106868.69,416.54,101092.59,215.71,78302.47,414.22,68114.23,NA,26,24,20,15,14,9,14,3,1,0,0,0,0,23,7,4,1,0,0,40,37,50,23,17,9,8,33,12,11,2,1,1,7,2,2,0,0,0,255,161,Mulheres
251370305000086,2,Região Nordeste,25,Paraiba,2504,Mata Paraibana,25022,João Pessoa,10,RM João Pessoa,2513703,SANTA RITA,251370305,SANTA RITA,25137030500,SANTA RITA,2513703000,SANTA RITA (todos os setores),1,0,5,16,3.2,1.2,183,64445,457.5,6612.5,173.23,51081.53,375.33,31568.67,NA,2,0,2,0,0,0,0,0,0,0,0,0,0,2,0,0,0,0,0,0,0,1,0,0,0,0,0,0,0,0,0,0,0,0,0,0,0,0,1,6,Homens
251370305000087,2,Região Nordeste,25,Paraiba,2504,Mata Paraibana,25022,João Pessoa,10,RM João Pessoa,2513703,SANTA RITA,251370305,SANTA RITA,25137030500,SANTA RITA,2513703000,SANTA RITA (todos os setores),1,0,290,1036,3.57,3.45,592.42,303172.29,638.67,297280.31,346.59,206069.5,534.91,217323.68,NA,27,49,50,22,8,9,15,3,1,0,0,0,0,24,15,17,4,0,0,24,29,18,13,4,9,13,12,11,1,1,0,0,12,1,0,0,0,0,148,244,Homens
251370305000088,2,Região Nordeste,25,Paraiba,2504,Mata Paraibana,25022,João Pessoa,10,RM João Pessoa,2513703,SANTA RITA,251370305,SANTA RITA,25137030500,SANTA RITA,2513703000,SANTA RITA (todos os setores),1,0,209,773,3.7,2.87,539.83,333546.53,581.57,335069.46,270.38,244789.05,529.19,342440.19,NA,22,33,45,13,7,12,9,1,1,0,0,0,0,21,6,11,1,0,0,12,17,14,9,6,3,7,8,6,2,2,0,0,4,0,0,1,0,0,91,182,Homens
251370305000089,2,Região Nordeste,25,Paraiba,2504,Mata Paraibana,25022,João Pessoa,10,RM João Pessoa,2513703,SANTA RITA,251370305,SANTA RITA,25137030500,SANTA RITA,2513703000,SANTA RITA (todos os setores),1,0,228,816,3.58,4.65,476.05,246372.43,526.89,245894.17,236.86,137811.38,451.98,165810.99,NA,27,36,31,14,6,6,11,0,0,1,0,0,0,27,16,9,1,1,0,23,16,22,17,2,7,10,18,7,10,0,0,0,5,4,1,0,0,0,142,186,Homens
251370305000090,2,Região Nordeste,25,Paraiba,2504,Mata Paraibana,25022,João Pessoa,10,RM João Pessoa,2513703,SANTA RITA,251370305,SANTA RITA,25137030500,SANTA RITA,2513703000,SANTA RITA (todos os setores),1,0,160,595,3.72,3.86,354.62,83746.33,405.28,75117.11,198.21,78830.75,374.3,82971.25,NA,17,20,17,7,12,5,9,0,0,0,0,0,0,17,15,1,0,0,0,9,22,15,6,6,7,8,9,9,4,0,0,1,0,1,0,0,0,0,97,120,Homens
251370305000091,2,Região Nordeste,25,Paraiba,2504,Mata Paraibana,25022,João Pessoa,10,RM João Pessoa,2513703,SANTA RITA,251370305,SANTA RITA,25137030500,SANTA RITA,2513703000,SANTA RITA (todos os setores),1,0,24,76,3.17,2.32,628.08,281818.17,793.37,221683.91,423.9,304081.89,760.53,289102.8,NA,2,10,0,3,0,0,2,0,0,0,0,0,0,2,6,0,1,0,0,2,1,1,0,1,1,1,2,1,0,0,0,0,0,0,0,0,0,0,10,26,Homens
251370305000092,2,Região Nordeste,25,Paraiba,2504,Mata Paraibana,25022,João Pessoa,10,RM João Pessoa,2513703,SANTA RITA,251370305,SANTA RITA,25137030500,SANTA RITA,2513703000,SANTA RITA (todos os setores),1,0,203,702,3.46,2.18,595.06,390458.89,759.73,373297.46,404.28,265928.15,688.33,257227.68,NA,21,22,31,6,6,2,4,2,0,0,0,0,0,19,9,4,1,1,0,28,32,26,10,7,4,4,21,15,8,0,1,0,7,0,0,1,0,0,164,128,Mulheres
251370305000093,2,Região Nordeste,25,Paraiba,2504,Mata Paraibana,25022,João Pessoa,10,RM João Pessoa,2513703,SANTA RITA,251370305,SANTA RITA,25137030500,SANTA RITA,2513703000,SANTA RITA (todos os setores),8,0,103,370,3.59,3.3,510.02,182425.61,625.38,151171.56,264.36,141408.9,588.36,123956.72,NA,20,22,13,17,7,5,11,3,1,0,0,0,0,17,13,3,1,0,0,1,3,1,0,1,2,0,0,2,0,0,0,0,1,0,0,0,0,0,11,133,Homens
251370305000094,2,Região Nordeste,25,Paraiba,2504,Mata Paraibana,25022,João Pessoa,10,RM João Pessoa,2513703,SANTA RITA,251370305,SANTA RITA,25137030500,SANTA RITA,2513703000,SANTA RITA (todos os setores),8,0,109,505,4.63,3.42,454.89,97024.52,533.15,71720.13,244.17,93790.88,503.46,62700.3,NA,6,11,21,12,9,8,2,0,0,0,0,0,0,6,4,4,1,0,0,3,5,9,5,12,5,1,3,2,2,0,0,0,0,0,1,0,0,0,48,84,Homens
251370305000095,2,Região Nordeste,25,Paraiba,2504,Mata Paraibana,25022,João Pessoa,10,RM João Pessoa,2513703,SANTA RITA,251370305,SANTA RITA,25137030500,SANTA RITA,2513703000,SANTA RITA (todos os setores),8,0,140,574,4.1,3.46,665.43,345680.66,711.15,336851.28,317.46,195593.85,594.31,201659.29,NA,12,30,24,18,14,8,4,2,0,0,0,0,0,10,12,6,4,0,0,5,4,4,6,3,4,4,4,1,1,2,0,0,1,0,0,1,0,0,40,144,Homens
251370305000096,2,Região Nordeste,25,Paraiba,2504,Mata Paraibana,25022,João Pessoa,10,RM João Pessoa,2513703,SANTA RITA,251370305,SANTA RITA,25137030500,SANTA RITA,2513703000,SANTA RITA (todos os setores),8,0,102,440,4.31,5.07,454.21,123065.85,520.55,106317.82,257.25,104228.09,457.04,93810.86,NA,8,14,17,13,6,10,5,0,0,0,0,0,0,8,8,3,1,0,0,6,3,6,5,3,4,2,5,0,2,0,0,0,1,1,0,0,0,0,38,93,Homens
251370305000097,2,Região Nordeste,25,Paraiba,2504,Mata Paraibana,25022,João Pessoa,10,RM João Pessoa,2513703,SANTA RITA,251370305,SANTA RITA,25137030500,SANTA RITA,2513703000,SANTA RITA (todos os setores),8,0,84,354,4.21,6.12,432.02,343608.05,576.03,375700.32,288.55,194172.78,548.24,226785.87,NA,2,6,8,5,2,4,9,1,0,0,0,0,0,1,2,3,0,0,0,9,10,5,6,7,9,2,7,3,0,0,1,0,2,1,0,0,0,0,62,43,Mulheres
251370305000098,2,Região Nordeste,25,Paraiba,2504,Mata Paraibana,25022,João Pessoa,10,RM João Pessoa,2513703,SANTA RITA,251370305,SANTA RITA,25137030500,SANTA RITA,2513703000,SANTA RITA (todos os setores),8,0,35,139,3.97,2.5,493.6,901814.07,575.87,1008291.02,323.03,354168.72,536.79,475581.39,NA,2,4,5,2,0,2,1,0,0,0,0,0,0,2,0,1,0,0,0,4,3,3,7,0,2,0,3,2,0,0,0,0,1,0,0,0,0,0,25,19,Mulheres
251370305000099,2,Região Nordeste,25,Paraiba,2504,Mata Paraibana,25022,João Pessoa,10,RM João Pessoa,2513703,SANTA RITA,251370305,SANTA RITA,25137030500,SANTA RITA,2513703000,SANTA RITA (todos os setores),5,0,104,367,3.53,2.48,239.95,88225.15,499.1,53472.46,236.51,118976.19,511.9,116523.06,NA,5,8,6,3,0,2,4,1,0,0,0,0,0,4,4,1,0,0,0,17,17,20,12,4,3,3,14,5,4,0,0,0,3,2,0,1,0,0,105,38,Mulheres
251370305000100,2,Região Nordeste,25,Paraiba,2504,Mata Paraibana,25022,João Pessoa,10,RM João Pessoa,2513703,SANTA RITA,251370305,SANTA RITA,25137030500,SANTA RITA,2513703000,SANTA RITA (todos os setores),5,0,195,681,3.49,3.15,401.2,121555.03,457.51,112802.44,228.49,85230.38,369.16,85773.49,NA,17,37,30,16,10,4,16,1,0,0,0,0,0,16,15,3,3,2,0,10,10,11,10,4,6,14,9,3,3,0,0,0,1,1,1,1,0,0,84,170,Homens
251370305000101,2,Região Nordeste,25,Paraiba,2504,Mata Paraibana,25022,João Pessoa,10,RM João Pessoa,2513703,SANTA RITA,251370305,SANTA RITA,25137030500,SANTA RITA,2513703000,SANTA RITA (todos os setores),8,0,128,541,4.23,4,586.08,273718.31,630.4,266415.55,282.39,162607.72,531.28,173739.05,NA,19,20,26,21,7,13,4,0,1,0,0,0,0,19,8,4,1,1,0,3,2,4,4,2,3,0,2,0,0,0,0,0,1,0,0,0,0,0,21,144,Homens
251370305000102,2,Região Nordeste,25,Paraiba,2504,Mata Paraibana,25022,João Pessoa,10,RM João Pessoa,2513703,SANTA RITA,251370305,SANTA RITA,25137030500,SANTA RITA,2513703000,SANTA RITA (todos os setores),8,0,119,535,4.5,4.9,346.55,107277.01,557.3,54351.5,167.06,77406.48,525.53,54964.74,NA,13,20,24,16,7,16,4,0,0,0,0,0,0,13,11,2,3,0,0,0,4,7,4,1,3,0,0,3,1,0,0,0,0,0,1,0,0,0,24,129,Homens
251370305000103,2,Região Nordeste,25,Paraiba,2504,Mata Paraibana,25022,João Pessoa,10,RM João Pessoa,2513703,SANTA RITA,251370305,SANTA RITA,25137030500,SANTA RITA,2513703000,SANTA RITA (todos os setores),8,0,13,43,3.31,2.23,509.23,109507.69,601.82,70116.36,252.65,105723.08,572.67,52849.52,NA,0,4,3,0,2,0,1,0,0,0,0,0,0,0,0,0,0,0,0,3,0,0,0,0,0,0,3,0,0,0,0,0,0,0,0,0,0,0,6,10,Homens
251370305000104,2,Região Nordeste,25,Paraiba,2504,Mata Paraibana,25022,João Pessoa,10,RM João Pessoa,2513703,SANTA RITA,251370305,SANTA RITA,25137030500,SANTA RITA,2513703000,SANTA RITA (todos os setores),8,0,25,102,4.08,4.91,581.2,135752.67,605.42,126356.34,272.78,149302.36,578.83,139422,NA,7,2,4,3,0,4,0,0,0,0,0,0,0,7,1,1,0,0,0,0,2,3,0,0,0,0,0,1,0,0,0,0,0,0,1,0,0,0,7,29,Homens
251370305000105,2,Região Nordeste,25,Paraiba,2504,Mata Paraibana,25022,João Pessoa,10,RM João Pessoa,2513703,SANTA RITA,251370305,SANTA RITA,25137030500,SANTA RITA,2513703000,SANTA RITA (todos os setores),5,0,191,612,3.2,3.34,349.18,50591.58,381.11,43006.74,202.08,51791.61,332.58,41801.08,NA,20,36,20,13,7,6,41,3,0,1,0,0,0,17,18,10,2,1,0,10,11,10,6,6,4,1,7,3,0,0,0,0,3,0,0,0,0,0,61,195,Homens
251370305000106,2,Região Nordeste,25,Paraiba,2504,Mata Paraibana,25022,João Pessoa,10,RM João Pessoa,2513703,SANTA RITA,251370305,SANTA RITA,25137030500,SANTA RITA,2513703000,SANTA RITA (todos os setores),1,0,261,888,3.4,2.03,690.94,431974.97,819.7,406815.08,375.71,285337.23,708.67,302294.55,NA,41,62,54,16,7,7,6,1,0,0,0,0,0,40,26,12,1,0,0,16,17,15,9,4,0,7,11,4,4,0,1,0,5,2,2,0,0,0,97,273,Homens
251370305000107,2,Região Nordeste,25,Paraiba,2504,Mata Paraibana,25022,João Pessoa,10,RM João Pessoa,2513703,SANTA RITA,251370305,SANTA RITA,25137030500,SANTA RITA,2513703000,SANTA RITA (todos os setores),1,0,202,724,3.58,2.76,834.5,749573.88,916.14,748104.23,460.91,494001.38,739.12,586799.23,NA,22,44,43,19,7,5,6,0,1,0,0,0,0,22,16,9,3,1,0,14,16,13,2,2,4,5,12,2,2,0,1,0,2,2,0,0,0,0,77,198,Homens
251370305000108,2,Região Nordeste,25,Paraiba,2504,Mata Paraibana,25022,João Pessoa,10,RM João Pessoa,2513703,SANTA RITA,251370305,SANTA RITA,25137030500,SANTA RITA,2513703000,SANTA RITA (todos os setores),1,0,220,726,3.3,2.02,640.16,477861.48,838.31,459554.43,390.06,333920.01,753.02,371434.99,NA,11,38,33,13,9,0,8,1,0,1,0,0,0,10,19,11,4,1,0,33,23,19,12,5,2,14,22,9,1,2,0,0,11,1,1,0,0,0,155,159,Homens
251370305000109,2,Região Nordeste,25,Paraiba,2504,Mata Paraibana,25022,João Pessoa,10,RM João Pessoa,2513703,SANTA RITA,251370305,SANTA RITA,25137030500,SANTA RITA,2513703000,SANTA RITA (todos os setores),1,0,116,397,3.42,2.42,824.66,447429.85,861.8,435463.51,464.05,317391.37,713,310131.41,NA,12,25,17,3,2,2,5,2,0,1,0,0,0,10,12,3,0,0,0,11,8,14,8,1,4,4,10,1,3,1,1,0,1,3,0,0,0,0,70,94,Homens
251370305000110,2,Região Nordeste,25,Paraiba,2504,Mata Paraibana,25022,João Pessoa,10,RM João Pessoa,2513703,SANTA RITA,251370305,SANTA RITA,25137030500,SANTA RITA,2513703000,SANTA RITA (todos os setores),1,0,177,615,3.47,2.19,852.87,848389.95,914.9,853373.01,482.9,545808.19,836.09,650046.47,NA,20,29,35,6,7,4,3,0,0,0,0,0,0,20,11,11,2,1,1,16,21,11,9,6,2,8,9,11,1,1,0,0,7,1,0,0,0,0,103,150,Homens
251370305000111,2,Região Nordeste,25,Paraiba,2504,Mata Paraibana,25022,João Pessoa,10,RM João Pessoa,2513703,SANTA RITA,251370305,SANTA RITA,25137030500,SANTA RITA,2513703000,SANTA RITA (todos os setores),1,0,214,762,3.56,2.83,545.91,119173.17,578.34,107439.17,323.53,124686.68,477.73,110414.44,NA,26,46,36,18,6,6,10,2,0,0,0,0,0,24,26,13,2,0,0,13,13,11,9,7,5,8,10,5,3,0,0,0,3,1,0,2,0,0,90,215,Homens
251370305000112,2,Região Nordeste,25,Paraiba,2504,Mata Paraibana,25022,João Pessoa,10,RM João Pessoa,2513703,SANTA RITA,251370305,SANTA RITA,25137030500,SANTA RITA,2513703000,SANTA RITA (todos os setores),1,0,166,617,3.72,2.4,693.93,314613.42,778.33,287001.57,436.9,254411.21,689.64,227207.47,NA,14,12,23,11,7,5,1,2,0,1,0,0,0,12,4,3,3,1,0,19,24,18,17,5,3,7,12,8,1,2,1,0,7,1,2,0,0,0,127,99,Mulheres
251370305000113,2,Região Nordeste,25,Paraiba,2504,Mata Paraibana,25022,João Pessoa,10,RM João Pessoa,2513703,SANTA RITA,251370305,SANTA RITA,25137030500,SANTA RITA,2513703000,SANTA RITA (todos os setores),1,0,260,960,3.69,2.52,452.84,181454.71,585.77,156732.24,345.5,195333.71,566.77,195021,NA,16,25,22,13,6,6,10,0,0,0,0,0,0,16,12,3,4,1,0,20,53,41,26,11,5,6,18,28,18,0,1,0,2,3,0,0,0,0,232,134,Mulheres
251370305000114,2,Região Nordeste,25,Paraiba,2504,Mata Paraibana,25022,João Pessoa,10,RM João Pessoa,2513703,SANTA RITA,251370305,SANTA RITA,25137030500,SANTA RITA,2513703000,SANTA RITA (todos os setores),1,0,178,619,3.48,2.84,320.12,110149.61,441.71,98186.44,269.97,93122.26,444.09,75799.32,NA,9,11,8,5,0,1,10,2,1,0,0,0,0,7,5,2,1,0,0,25,42,33,11,10,8,5,20,21,10,2,1,0,5,4,0,0,0,0,197,62,Mulheres
251370305000115,2,Região Nordeste,25,Paraiba,2504,Mata Paraibana,25022,João Pessoa,10,RM João Pessoa,2513703,SANTA RITA,251370305,SANTA RITA,25137030500,SANTA RITA,2513703000,SANTA RITA (todos os setores),1,0,162,568,3.51,2.8,591.1,721609.34,679.14,769634.12,331.78,345555.96,608.92,465913.88,NA,23,29,32,13,5,5,9,0,0,1,0,0,0,23,14,5,3,0,0,11,16,9,6,2,1,1,10,7,1,2,0,0,1,1,1,0,0,0,69,162,Homens
251370305000116,2,Região Nordeste,25,Paraiba,2504,Mata Paraibana,25022,João Pessoa,10,RM João Pessoa,2513703,SANTA RITA,251370305,SANTA RITA,25137030500,SANTA RITA,2513703000,SANTA RITA (todos os setores),1,0,145,511,3.52,3.07,662.64,1378294.98,768.66,1518447.63,358.03,660495.29,672.56,1030933.36,NA,18,27,26,15,4,3,10,2,0,0,0,0,0,16,10,9,4,0,0,8,12,4,7,4,3,4,7,5,0,1,0,0,1,1,0,0,0,0,57,144,Homens
251370305000117,2,Região Nordeste,25,Paraiba,2504,Mata Paraibana,25022,João Pessoa,10,RM João Pessoa,2513703,SANTA RITA,251370305,SANTA RITA,25137030500,SANTA RITA,2513703000,SANTA RITA (todos os setores),1,0,228,819,3.59,2.22,777.14,474023.41,827.99,462886.41,462.63,321528.25,712.37,317181.85,NA,28,28,49,12,6,7,5,1,0,0,0,0,0,27,15,7,3,0,1,20,25,19,15,6,3,5,13,8,1,2,0,0,7,4,1,0,0,0,129,189,Homens
251370305000118,2,Região Nordeste,25,Paraiba,2504,Mata Paraibana,25022,João Pessoa,10,RM João Pessoa,2513703,SANTA RITA,251370305,SANTA RITA,25137030500,SANTA RITA,2513703000,SANTA RITA (todos os setores),1,0,282,972,3.45,3.34,355.94,82188.49,418.23,70471.39,214.25,71669.62,380.23,64062.96,NA,24,31,30,20,10,8,19,5,1,0,0,0,0,19,14,5,1,3,0,39,36,19,17,6,9,14,33,12,5,2,0,0,6,3,1,0,0,0,202,190,Mulheres
251370305000119,2,Região Nordeste,25,Paraiba,2504,Mata Paraibana,25022,João Pessoa,10,RM João Pessoa,2513703,SANTA RITA,251370305,SANTA RITA,25137030500,SANTA RITA,2513703000,SANTA RITA (todos os setores),1,0,167,582,3.49,2.47,567.85,295503.38,697.29,272436.83,306.67,216446.07,617.14,244082.71,NA,25,32,36,14,3,2,6,2,0,0,0,0,0,23,14,11,1,0,0,11,12,7,4,2,8,5,9,2,2,0,0,0,2,3,2,0,0,0,69,169,Homens
251370305000120,2,Região Nordeste,25,Paraiba,2504,Mata Paraibana,25022,João Pessoa,10,RM João Pessoa,2513703,SANTA RITA,251370305,SANTA RITA,25137030500,SANTA RITA,2513703000,SANTA RITA (todos os setores),1,0,179,661,3.69,3.75,412.61,149765.88,516.48,133708,227.23,104355.13,457.18,104834,NA,27,29,26,16,6,3,9,2,0,0,0,0,0,25,16,4,0,1,0,9,17,9,7,7,9,5,8,9,2,0,0,0,1,3,2,0,0,0,88,164,Homens
251370305000121,2,Região Nordeste,25,Paraiba,2504,Mata Paraibana,25022,João Pessoa,10,RM João Pessoa,2513703,SANTA RITA,251370305,SANTA RITA,25137030500,SANTA RITA,2513703000,SANTA RITA (todos os setores),1,0,288,978,3.4,2.04,834.18,5807520.08,924.01,6352031.52,449.63,2271955.96,785.16,3707012.95,NA,46,51,56,23,16,3,11,3,1,0,0,0,0,43,26,17,3,2,0,22,20,18,6,6,2,8,14,8,4,1,1,0,8,6,1,0,0,0,125,301,Homens
251370305000122,2,Região Nordeste,25,Paraiba,2504,Mata Paraibana,25022,João Pessoa,10,RM João Pessoa,2513703,SANTA RITA,251370305,SANTA RITA,25137030500,SANTA RITA,2513703000,SANTA RITA (todos os setores),1,0,190,679,3.57,3.46,466.48,237759.12,571.82,231171.49,252.78,139610.31,489.37,154549.57,NA,15,31,32,13,6,6,8,0,1,0,0,0,0,15,10,8,3,0,1,22,22,13,7,5,4,6,18,8,2,0,1,0,4,8,2,1,0,0,123,149,Homens
251370305000123,2,Região Nordeste,25,Paraiba,2504,Mata Paraibana,25022,João Pessoa,10,RM João Pessoa,2513703,SANTA RITA,251370305,SANTA RITA,25137030500,SANTA RITA,2513703000,SANTA RITA (todos os setores),1,0,254,965,3.8,3.24,416.42,59595.11,450.09,49215.61,222.27,65571.68,363.76,55822.08,NA,25,33,43,33,8,13,12,2,1,0,0,0,0,23,10,12,2,0,0,17,23,9,11,10,7,10,9,8,1,0,1,0,8,4,1,1,0,0,120,217,Homens
251370305000124,2,Região Nordeste,25,Paraiba,2504,Mata Paraibana,25022,João Pessoa,10,RM João Pessoa,2513703,SANTA RITA,251370305,SANTA RITA,25137030500,SANTA RITA,2513703000,SANTA RITA (todos os setores),1,0,169,639,3.78,3.79,503.82,175477.74,599.62,151230.56,295.42,130513.62,530.02,109745.41,NA,12,35,22,11,3,6,8,0,0,0,0,0,0,12,13,8,1,0,1,9,16,18,7,6,9,7,7,3,3,1,0,0,2,3,1,0,1,0,93,132,Homens
251370305000125,2,Região Nordeste,25,Paraiba,2504,Mata Paraibana,25022,João Pessoa,10,RM João Pessoa,2513703,SANTA RITA,251370305,SANTA RITA,25137030500,SANTA RITA,2513703000,SANTA RITA (todos os setores),1,0,191,687,3.6,2.53,480.46,184665.36,588.26,162543.38,298.11,119162.65,532.24,88058.08,NA,19,35,39,18,7,4,6,0,0,0,0,0,0,19,16,6,1,0,0,16,17,10,4,4,6,6,9,9,0,0,0,0,7,0,0,0,0,0,88,170,Homens
251370305000126,2,Região Nordeste,25,Paraiba,2504,Mata Paraibana,25022,João Pessoa,10,RM João Pessoa,2513703,SANTA RITA,251370305,SANTA RITA,25137030500,SANTA RITA,2513703000,SANTA RITA (todos os setores),1,0,366,1454,3.97,3.75,462.84,137540.77,546.45,116631.61,227.37,100208.47,457.52,96338.05,NA,45,56,68,55,17,28,18,4,2,0,0,0,0,41,28,16,4,0,0,10,22,20,9,8,4,6,8,6,3,1,1,0,2,5,3,0,0,0,108,382,Homens
251370305000127,2,Região Nordeste,25,Paraiba,2504,Mata Paraibana,25022,João Pessoa,10,RM João Pessoa,2513703,SANTA RITA,251370305,SANTA RITA,25137030500,SANTA RITA,2513703000,SANTA RITA (todos os setores),1,0,174,599,3.44,2.5,474.64,91674,539.78,68943.14,304.67,102753.49,506.1,68631.02,NA,15,32,31,11,3,3,6,2,0,1,0,0,0,13,13,7,3,0,0,18,19,12,8,3,5,8,15,8,0,0,0,0,3,4,0,0,0,0,103,140,Homens
251370305000128,2,Região Nordeste,25,Paraiba,2504,Mata Paraibana,25022,João Pessoa,10,RM João Pessoa,2513703,SANTA RITA,251370305,SANTA RITA,25137030500,SANTA RITA,2513703000,SANTA RITA (todos os setores),1,0,203,720,3.55,1.89,461.53,191733.7,612.36,161835.73,262.56,131568.56,547.07,118447.28,NA,16,39,36,10,3,4,5,0,0,0,0,0,0,16,19,8,1,0,0,18,30,18,14,5,3,2,14,14,2,3,0,0,4,4,3,1,0,0,135,157,Homens
251370305000129,2,Região Nordeste,25,Paraiba,2504,Mata Paraibana,25022,João Pessoa,10,RM João Pessoa,2513703,SANTA RITA,251370305,SANTA RITA,25137030500,SANTA RITA,2513703000,SANTA RITA (todos os setores),1,0,307,1061,3.46,2.09,622.31,210423.29,692.21,185584.08,372.65,181872.97,618.75,149649.02,NA,28,68,64,30,9,8,12,1,1,0,0,0,0,27,32,16,3,0,0,31,20,13,7,4,4,9,19,9,1,1,1,0,12,0,2,0,0,0,133,299,Homens
251370305000130,2,Região Nordeste,25,Paraiba,2504,Mata Paraibana,25022,João Pessoa,10,RM João Pessoa,2513703,SANTA RITA,251370305,SANTA RITA,25137030500,SANTA RITA,2513703000,SANTA RITA (todos os setores),1,0,293,1010,3.45,1.93,702.23,420946.03,782.33,406241.02,386.92,302925.87,682.8,332606.48,NA,28,45,60,32,9,3,13,2,0,0,0,0,0,26,19,13,2,0,1,27,31,17,12,2,5,9,18,16,5,1,0,0,9,3,1,1,0,0,157,253,Homens
251370305000131,2,Região Nordeste,25,Paraiba,2504,Mata Paraibana,25022,João Pessoa,10,RM João Pessoa,2513703,SANTA RITA,251370305,SANTA RITA,25137030500,SANTA RITA,2513703000,SANTA RITA (todos os setores),1,0,358,1208,3.37,1.88,669.54,923500.57,793.7,996446.4,408.37,485784.03,705.61,629887.52,NA,35,72,65,25,10,3,8,2,1,1,0,0,0,33,35,9,2,0,0,40,39,27,13,4,5,12,29,16,2,1,0,0,11,7,1,2,0,0,209,301,Homens
251370305000132,2,Região Nordeste,25,Paraiba,2504,Mata Paraibana,25022,João Pessoa,10,RM João Pessoa,2513703,SANTA RITA,251370305,SANTA RITA,25137030500,SANTA RITA,2513703000,SANTA RITA (todos os setores),1,0,212,759,3.58,3.14,503.76,184149.94,577.29,168497.83,267.19,125493.65,494.74,119772.81,NA,27,40,44,21,7,5,7,4,2,0,0,0,0,23,20,13,0,0,0,10,18,10,10,3,2,8,5,7,4,1,0,0,5,0,1,0,0,0,84,213,Homens
251370305000133,2,Região Nordeste,25,Paraiba,2504,Mata Paraibana,25022,João Pessoa,10,RM João Pessoa,2513703,SANTA RITA,251370305,SANTA RITA,25137030500,SANTA RITA,2513703000,SANTA RITA (todos os setores),1,0,206,758,3.68,3.1,566.35,547538.57,651.78,574600.04,317.85,926088.92,647.25,1675071.05,NA,22,42,30,23,8,6,15,1,1,0,0,0,0,21,20,6,3,0,0,9,10,14,7,4,10,6,6,0,3,0,0,0,3,1,1,0,0,0,74,198,Homens
251370305000134,2,Região Nordeste,25,Paraiba,2504,Mata Paraibana,25022,João Pessoa,10,RM João Pessoa,2513703,SANTA RITA,251370305,SANTA RITA,25137030500,SANTA RITA,2513703000,SANTA RITA (todos os setores),1,1,167,612,3.66,3.66,276.81,59453.81,372.81,44161.07,164.71,50325.98,325.17,47162.23,NA,18,18,21,14,7,6,15,2,2,0,0,0,0,16,7,8,3,0,1,13,19,12,7,4,9,4,8,3,2,1,0,0,5,3,0,0,0,0,90,138,Homens
251370305000135,2,Região Nordeste,25,Paraiba,2504,Mata Paraibana,25022,João Pessoa,10,RM João Pessoa,2513703,SANTA RITA,251370305,SANTA RITA,25137030500,SANTA RITA,2513703000,SANTA RITA (todos os setores),1,0,135,473,3.5,2.24,545.02,201392.13,645.42,173446.02,341.88,164222.56,593.21,135728.58,NA,10,16,20,11,4,3,4,1,0,0,0,0,0,9,9,4,3,0,0,24,14,11,9,4,2,3,15,5,1,2,0,0,9,3,2,1,0,0,105,94,Mulheres
251370305000136,2,Região Nordeste,25,Paraiba,2504,Mata Paraibana,25022,João Pessoa,10,RM João Pessoa,2513703,SANTA RITA,251370305,SANTA RITA,25137030500,SANTA RITA,2513703000,SANTA RITA (todos os setores),1,0,153,506,3.31,3,862.72,1126451.89,949.61,1157617.51,497.39,594649.98,782.1,712771.98,NA,22,18,18,8,5,1,8,1,0,0,0,0,0,21,10,7,3,0,0,16,26,14,2,2,7,6,9,7,0,0,0,0,7,6,0,0,0,0,102,122,Homens
251370305000137,2,Região Nordeste,25,Paraiba,2504,Mata Paraibana,25022,João Pessoa,10,RM João Pessoa,2513703,SANTA RITA,251370305,SANTA RITA,25137030500,SANTA RITA,2513703000,SANTA RITA (todos os setores),1,0,247,869,3.52,2.82,627.26,221561.7,667.81,208748.34,335.94,175917.54,538.99,172796.98,NA,37,56,44,23,7,11,11,1,0,0,0,0,0,36,25,8,1,2,0,14,17,12,5,2,3,5,11,7,2,0,0,0,3,1,1,0,0,0,83,262,Homens
251370305000138,2,Região Nordeste,25,Paraiba,2504,Mata Paraibana,25022,João Pessoa,10,RM João Pessoa,2513703,SANTA RITA,251370305,SANTA RITA,25137030500,SANTA RITA,2513703000,SANTA RITA (todos os setores),1,0,165,565,3.42,2.05,490.08,107736.69,577.59,76202.65,354.51,129798.53,535.03,99216.64,NA,11,26,13,10,4,2,2,1,0,0,0,0,0,10,13,4,0,0,0,21,30,26,6,2,5,7,15,8,4,1,0,1,6,2,0,0,0,0,134,96,Mulheres
251370305000139,2,Região Nordeste,25,Paraiba,2504,Mata Paraibana,25022,João Pessoa,10,RM João Pessoa,2513703,SANTA RITA,251370305,SANTA RITA,25137030500,SANTA RITA,2513703000,SANTA RITA (todos os setores),1,0,223,709,3.18,2.45,781.53,655857.48,846.03,655414.43,431.69,374462.54,710.88,418287.37,NA,35,40,30,15,7,5,16,0,3,0,0,0,0,35,19,9,1,1,0,18,18,19,3,3,2,12,12,5,3,1,0,0,6,4,1,0,1,0,108,216,Homens
251370305000140,2,Região Nordeste,25,Paraiba,2504,Mata Paraibana,25022,João Pessoa,10,RM João Pessoa,2513703,SANTA RITA,251370305,SANTA RITA,25137030500,SANTA RITA,2513703000,SANTA RITA (todos os setores),1,0,146,533,3.65,3.8,493.52,143360.98,571.86,121143.02,264.29,115125.73,525.05,91699.25,NA,13,24,18,15,4,4,4,1,0,0,1,0,0,12,17,6,0,0,0,11,13,17,5,4,4,10,10,7,4,0,0,0,1,2,1,0,1,0,90,119,Homens
251370305000141,2,Região Nordeste,25,Paraiba,2504,Mata Paraibana,25022,João Pessoa,10,RM João Pessoa,2513703,SANTA RITA,251370305,SANTA RITA,25137030500,SANTA RITA,2513703000,SANTA RITA (todos os setores),1,0,164,598,3.65,2.87,552.98,235617.32,596.64,228122.27,300.88,159649.5,537.35,158050.22,NA,15,18,19,6,7,8,7,1,1,0,0,0,0,14,6,6,2,0,1,17,17,21,11,8,3,7,11,7,2,1,0,0,6,2,1,0,1,0,115,111,Mulheres
251370305000142,2,Região Nordeste,25,Paraiba,2504,Mata Paraibana,25022,João Pessoa,10,RM João Pessoa,2513703,SANTA RITA,251370305,SANTA RITA,25137030500,SANTA RITA,2513703000,SANTA RITA (todos os setores),5,0,187,656,3.51,2.29,433.07,57904.86,482.05,40741.69,243.9,71319.17,456.81,36200.98,NA,13,38,37,18,13,4,15,1,1,0,0,0,0,12,19,8,1,1,0,14,16,9,4,2,1,3,9,6,3,0,0,0,5,0,0,0,0,0,72,181,Homens
251370305000143,2,Região Nordeste,25,Paraiba,2504,Mata Paraibana,25022,João Pessoa,10,RM João Pessoa,2513703,SANTA RITA,251370305,SANTA RITA,25137030500,SANTA RITA,2513703000,SANTA RITA (todos os setores),5,0,138,499,3.62,3.61,402.01,88535.55,474.17,70054.09,228.26,80732.03,441.37,61955.1,NA,13,19,21,11,7,5,11,0,0,0,0,0,0,13,6,7,0,0,0,11,6,11,10,5,1,7,7,4,3,0,0,0,4,0,0,0,0,0,69,113,Homens
251370305000144,2,Região Nordeste,25,Paraiba,2504,Mata Paraibana,25022,João Pessoa,10,RM João Pessoa,2513703,SANTA RITA,251370305,SANTA RITA,25137030500,SANTA RITA,2513703000,SANTA RITA (todos os setores),5,0,150,529,3.53,3.78,334.08,39291.63,376.78,28140.7,173.01,42657.73,306.88,34546.69,NA,22,29,25,10,11,7,15,3,1,0,0,0,0,19,16,2,0,1,0,4,7,4,9,0,1,6,3,3,0,1,0,0,1,3,0,0,0,0,42,161,Homens
251370305000145,2,Região Nordeste,25,Paraiba,2504,Mata Paraibana,25022,João Pessoa,10,RM João Pessoa,2513703,SANTA RITA,251370305,SANTA RITA,25137030500,SANTA RITA,2513703000,SANTA RITA (todos os setores),5,0,132,477,3.61,3.83,245.05,57015.95,409.44,27583.15,134.27,43046.65,373.08,30416.19,NA,18,15,20,14,5,7,9,1,0,0,0,0,0,17,3,4,1,0,0,7,8,8,8,1,3,9,5,1,3,1,0,0,2,1,0,0,0,0,57,114,Homens
251370310000001,2,Região Nordeste,25,Paraiba,2504,Mata Paraibana,25022,João Pessoa,10,RM João Pessoa,2513703,SANTA RITA,251370310,NOSSA SENHORA DO LIVRAMENTO,25137031000,NOSSA SENHORA DO LIVRAMENTO,2513703000,SANTA RITA (todos os setores),1,0,266,859,3.23,2.05,475.43,194682.53,531.37,187836.6,259.44,139205.35,476.63,152256.76,NA,37,50,41,21,11,0,18,3,0,0,0,0,0,34,25,9,1,1,0,30,20,18,7,4,3,6,23,8,3,1,0,0,7,3,3,0,0,0,136,251,Homens
251370310000002,2,Região Nordeste,25,Paraiba,2504,Mata Paraibana,25022,João Pessoa,10,RM João Pessoa,2513703,SANTA RITA,251370310,NOSSA SENHORA DO LIVRAMENTO,25137031000,NOSSA SENHORA DO LIVRAMENTO,2513703000,SANTA RITA (todos os setores),1,0,337,1205,3.58,3.35,417.99,92476.22,480.75,76131.14,227.2,81421.83,416.17,70476.42,NA,50,53,55,40,21,11,32,4,3,0,0,0,0,46,23,10,2,2,0,16,18,12,10,6,6,7,11,7,2,1,0,0,5,3,0,0,0,0,104,352,Homens
251370310000003,2,Região Nordeste,25,Paraiba,2504,Mata Paraibana,25022,João Pessoa,10,RM João Pessoa,2513703,SANTA RITA,251370310,NOSSA SENHORA DO LIVRAMENTO,25137031000,NOSSA SENHORA DO LIVRAMENTO,2513703000,SANTA RITA (todos os setores),8,0,76,288,3.79,3.34,329.8,48675.63,368.6,39972.27,203.38,74866.54,373.4,73959.69,NA,12,9,14,5,4,4,3,0,0,0,0,0,0,12,4,0,0,1,0,5,5,7,4,1,2,1,5,3,0,1,0,0,0,0,0,0,0,0,34,68,Homens
251370310000004,2,Região Nordeste,25,Paraiba,2504,Mata Paraibana,25022,João Pessoa,10,RM João Pessoa,2513703,SANTA RITA,251370310,NOSSA SENHORA DO LIVRAMENTO,25137031000,NOSSA SENHORA DO LIVRAMENTO,2513703000,SANTA RITA (todos os setores),5,0,101,362,3.58,3.25,576.79,720800.01,896.25,835466.94,292.12,334951.35,706.51,518764.03,NA,10,14,19,11,3,6,6,0,0,0,0,0,0,10,6,4,2,0,0,8,5,8,2,2,1,6,6,3,2,0,0,0,2,0,0,0,0,0,45,91,Homens
251370310000005,2,Região Nordeste,25,Paraiba,2504,Mata Paraibana,25022,João Pessoa,10,RM João Pessoa,2513703,SANTA RITA,251370310,NOSSA SENHORA DO LIVRAMENTO,25137031000,NOSSA SENHORA DO LIVRAMENTO,2513703000,SANTA RITA (todos os setores),5,0,141,470,3.33,3.27,331.39,76943.13,445.01,52529.37,205.98,76431.46,450.02,57056.79,NA,18,19,17,4,9,4,15,6,0,0,0,0,0,12,7,3,2,0,0,13,10,12,6,2,5,7,12,7,2,1,0,0,1,1,0,0,0,0,79,116,Homens
251370310000006,2,Região Nordeste,25,Paraiba,2504,Mata Paraibana,25022,João Pessoa,10,RM João Pessoa,2513703,SANTA RITA,251370310,NOSSA SENHORA DO LIVRAMENTO,25137031000,NOSSA SENHORA DO LIVRAMENTO,2513703000,SANTA RITA (todos os setores),8,0,28,86,3.07,3.03,328.21,65370.17,417.73,44874.78,246.42,67009.68,385.7,50813.33,NA,1,1,3,4,1,0,7,0,0,0,0,0,0,1,1,0,0,0,0,3,3,1,2,1,0,1,2,0,0,0,0,0,1,0,0,0,0,0,14,19,Homens
251370310000007,2,Região Nordeste,25,Paraiba,2504,Mata Paraibana,25022,João Pessoa,10,RM João Pessoa,2513703,SANTA RITA,251370310,NOSSA SENHORA DO LIVRAMENTO,25137031000,NOSSA SENHORA DO LIVRAMENTO,2513703000,SANTA RITA (todos os setores),8,0,54,206,3.81,4.19,368.2,151239.9,423.04,150551.17,247.75,255004.05,418.07,360206.51,NA,5,6,7,11,3,5,5,0,0,0,0,0,0,5,4,0,0,0,0,4,4,1,0,1,0,2,4,3,0,0,0,0,0,0,0,0,0,0,19,51,Homens
251370310000008,2,Região Nordeste,25,Paraiba,2504,Mata Paraibana,25022,João Pessoa,10,RM João Pessoa,2513703,SANTA RITA,251370310,NOSSA SENHORA DO LIVRAMENTO,25137031000,NOSSA SENHORA DO LIVRAMENTO,2513703000,SANTA RITA (todos os setores),8,0,95,365,3.84,5.26,345.81,73120.41,443.95,49991.42,199.68,64301.02,393.57,50326.3,NA,8,23,14,12,3,8,10,1,0,0,0,0,0,7,6,4,0,0,0,2,4,6,2,0,1,2,2,2,0,0,0,0,0,0,0,0,0,0,21,96,Homens
251370310000009,2,Região Nordeste,25,Paraiba,2504,Mata Paraibana,25022,João Pessoa,10,RM João Pessoa,2513703,SANTA RITA,251370310,NOSSA SENHORA DO LIVRAMENTO,25137031000,NOSSA SENHORA DO LIVRAMENTO,2513703000,SANTA RITA (todos os setores),8,0,79,337,4.27,3.17,764.38,402522.75,805.15,391013.83,321.75,237881.59,612.22,275061.56,NA,8,17,22,8,9,7,1,0,0,0,0,0,0,8,9,8,2,0,0,2,0,1,3,1,0,0,1,0,1,0,0,0,1,0,0,0,0,0,10,99,Homens
251370310000010,2,Região Nordeste,25,Paraiba,2504,Mata Paraibana,25022,João Pessoa,10,RM João Pessoa,2513703,SANTA RITA,251370310,NOSSA SENHORA DO LIVRAMENTO,25137031000,NOSSA SENHORA DO LIVRAMENTO,2513703000,SANTA RITA (todos os setores),5,0,145,551,3.8,4.52,488.93,120700.61,545.35,103731.3,275.71,111971.78,466.51,100405.3,NA,16,24,16,14,7,8,10,1,0,0,0,0,0,15,11,5,1,0,0,10,7,15,7,1,5,5,8,2,3,1,0,0,2,0,1,0,0,0,67,128,Homens
251370310000011,2,Região Nordeste,25,Paraiba,2504,Mata Paraibana,25022,João Pessoa,10,RM João Pessoa,2513703,SANTA RITA,251370310,NOSSA SENHORA DO LIVRAMENTO,25137031000,NOSSA SENHORA DO LIVRAMENTO,2513703000,SANTA RITA (todos os setores),5,0,172,662,3.85,3.49,460.13,135812.78,573.49,104029.67,255.73,128427.37,545.48,115838.16,NA,21,31,30,19,14,11,5,1,1,0,0,0,0,20,15,7,0,2,0,14,5,8,4,3,2,5,11,3,2,1,0,0,3,1,1,1,0,0,64,177,Homens
251370310000012,2,Região Nordeste,25,Paraiba,2504,Mata Paraibana,25022,João Pessoa,10,RM João Pessoa,2513703,SANTA RITA,251370310,NOSSA SENHORA DO LIVRAMENTO,25137031000,NOSSA SENHORA DO LIVRAMENTO,2513703000,SANTA RITA (todos os setores),5,0,186,702,3.77,3.72,431.58,126219.75,489.48,114743.51,246.62,98362.1,429.42,92752.21,NA,25,33,36,19,7,13,9,0,0,0,0,0,0,25,16,7,3,0,0,9,10,10,4,2,4,5,5,5,1,1,0,0,4,1,0,1,0,0,62,193,Homens
251370310000013,2,Região Nordeste,25,Paraiba,2504,Mata Paraibana,25022,João Pessoa,10,RM João Pessoa,2513703,SANTA RITA,251370310,NOSSA SENHORA DO LIVRAMENTO,25137031000,NOSSA SENHORA DO LIVRAMENTO,2513703000,SANTA RITA (todos os setores),5,0,177,661,3.73,4.37,428.11,52959.79,488.87,30627.01,220.16,68821.58,465.29,31232.8,NA,23,33,27,14,11,9,11,0,1,1,0,0,0,23,17,8,1,0,0,10,10,12,5,1,6,5,9,2,1,0,0,0,1,2,0,0,0,0,64,179,Homens
251370310000014,2,Região Nordeste,25,Paraiba,2504,Mata Paraibana,25022,João Pessoa,10,RM João Pessoa,2513703,SANTA RITA,251370310,NOSSA SENHORA DO LIVRAMENTO,25137031000,NOSSA SENHORA DO LIVRAMENTO,2513703000,SANTA RITA (todos os setores),8,0,167,634,3.8,3.77,453.48,76365.72,525.91,50289.94,225.27,79334.6,435.24,61826.69,NA,13,22,31,29,10,8,17,1,0,0,0,0,0,12,7,4,7,0,1,8,7,7,3,1,5,6,7,2,0,1,0,0,1,0,1,0,0,0,49,162,Homens
251370310000015,2,Região Nordeste,25,Paraiba,2504,Mata Paraibana,25022,João Pessoa,10,RM João Pessoa,2513703,SANTA RITA,251370310,NOSSA SENHORA DO LIVRAMENTO,25137031000,NOSSA SENHORA DO LIVRAMENTO,2513703000,SANTA RITA (todos os setores),5,0,181,629,3.48,3.01,390.19,304378.43,692.4,331135.02,192.32,153317.97,618.35,229993.13,NA,14,28,31,11,5,6,12,2,0,0,0,0,0,12,9,6,3,0,0,20,13,11,12,3,5,10,15,5,2,1,0,0,5,1,0,0,0,0,103,139,Homens
251370310000016,2,Região Nordeste,25,Paraiba,2504,Mata Paraibana,25022,João Pessoa,10,RM João Pessoa,2513703,SANTA RITA,251370310,NOSSA SENHORA DO LIVRAMENTO,25137031000,NOSSA SENHORA DO LIVRAMENTO,2513703000,SANTA RITA (todos os setores),5,0,163,596,3.66,2.44,514.17,128949.87,594.4,101187.07,261.6,121101.72,564.9,90022.01,NA,22,32,41,17,9,3,6,0,0,0,0,0,0,22,16,6,0,0,0,9,8,3,5,3,3,2,6,3,1,0,0,0,3,0,0,0,0,0,46,174,Homens
251370310000017,2,Região Nordeste,25,Paraiba,2504,Mata Paraibana,25022,João Pessoa,10,RM João Pessoa,2513703,SANTA RITA,251370310,NOSSA SENHORA DO LIVRAMENTO,25137031000,NOSSA SENHORA DO LIVRAMENTO,2513703000,SANTA RITA (todos os setores),5,0,161,584,3.63,3.27,304.18,81414.22,484.88,41768.03,205.87,74540.38,467.7,46742.51,NA,18,28,17,9,9,4,9,1,0,0,0,0,0,17,8,6,2,0,0,16,10,15,12,6,4,4,16,6,2,0,0,0,0,0,0,0,0,0,91,128,Homens
251370310000018,2,Região Nordeste,25,Paraiba,2504,Mata Paraibana,25022,João Pessoa,10,RM João Pessoa,2513703,SANTA RITA,251370310,NOSSA SENHORA DO LIVRAMENTO,25137031000,NOSSA SENHORA DO LIVRAMENTO,2513703000,SANTA RITA (todos os setores),5,0,180,661,3.67,3.24,263.69,80283.82,527.39,20837.61,134.72,56395.88,486.53,32331.7,NA,14,35,32,17,7,12,14,0,2,0,0,0,1,14,13,6,1,0,0,12,11,10,6,3,2,5,6,4,1,0,0,0,6,1,1,0,1,0,69,168,Homens
251370310000019,2,Região Nordeste,25,Paraiba,2504,Mata Paraibana,25022,João Pessoa,10,RM João Pessoa,2513703,SANTA RITA,251370310,NOSSA SENHORA DO LIVRAMENTO,25137031000,NOSSA SENHORA DO LIVRAMENTO,2513703000,SANTA RITA (todos os setores),5,0,193,785,4.07,4.24,312.5,77005.56,506.82,25973.49,174.66,62161.99,465.26,30245.7,NA,19,37,36,23,8,15,12,3,0,0,0,0,0,16,14,6,1,1,0,8,11,3,6,5,9,1,7,4,0,0,0,0,1,1,0,0,0,1,57,191,Homens
251370310000020,2,Região Nordeste,25,Paraiba,2504,Mata Paraibana,25022,João Pessoa,10,RM João Pessoa,2513703,SANTA RITA,251370310,NOSSA SENHORA DO LIVRAMENTO,25137031000,NOSSA SENHORA DO LIVRAMENTO,2513703000,SANTA RITA (todos os setores),5,0,146,581,3.98,2.85,427.75,165087.07,503.65,156081.58,251.31,104262.97,416.94,103920.08,NA,9,19,13,20,9,11,6,1,0,0,1,0,0,8,3,3,3,0,0,10,16,17,5,5,3,3,10,9,2,0,1,0,0,3,0,0,0,0,84,106,Homens
